status,employer,title,location,distance_km,distance_basis,start_label,duration_label,pay,deadline,summary,action,job_id,url,evidence,verified_on,first_found,last_checked,checked_this_run,change
Needs confirmation,bebee.com,"Engineering Intern - Westinghouse Electric Company, LLC",Ontario searched; location unverified,,No distance cutoff; commute unverified,Unverified,Unverified,,,"Starting May 2027 for a duration of 8 months. You will report to the Director, CANDU Engineering & Tooling and be located at Burlington, Ontario, facility.","Confirm employer, Ontario location, May 2027+ start, 12/16 months and degree eligibility.",,https://bebee.com/ca/jobs/engineering-intern-westinghouse-electric-company-llc-burlington--techmap_ca_WestinghouseP_1428594400,"Unverified automated discovery. Query/source: nuclear energy intern Ontario ""May 2027""",,2026-09-30,2026-10-01,True,Unchanged
Needs confirmation,ca.jobrapido.com,"Nuclear Engineering Intern - Hybrid, Burlington - Jobrapido.com",Ontario searched; location unverified,,No distance cutoff; commute unverified,Unverified,Unverified,,,"7 days ago · Westinghouse Electric Canada is seeking an Engineering Intern to join our Burlington, Ontario office for an 8-month term starting May 2027.","Confirm employer, Ontario location, May 2027+ start, 12/16 months and degree eligibility.",,https://ca.jobrapido.com/jobpreview/8175137712240590848,"Unverified automated discovery. Query/source: nuclear energy intern Ontario ""May 2027""",,2026-10-01,2026-10-01,True,Newly found
Needs confirmation,nuclearjobscanada.ca,Professional Engineering Year (12-16 Months) (May 2027),Ontario searched; location unverified,,No distance cutoff; commute unverified,2027-05 (indexed title; unverified),12-16 Months (indexed title),,,"•Process and Results oriented. Education and Experience: •Student is required to be in second, third or fourth year of confirmed co-op program. •Have a ...","Confirm employer, Ontario location, May 2027+ start, 12/16 months and degree eligibility.",,https://nuclearjobscanada.ca/jobs/714509459-professional-engineering-year-12-16-months-may-2027,Unverified automated discovery. Query/source: chemical process engineering co-op Ontario 2027 12 16 months,,2026-10-01,2026-10-01,True,Newly found
Needs confirmation,nuclearjobscanada.ca,"Intern, Engineering at Westinghouse Electric Company",Ontario searched; location unverified,,No distance cutoff; commute unverified,Unverified,Unverified,,,"This is a 4-month internship beginning in May 2027. You will report to the Manager, Aux. Elec. Sys. & Equipment and be assigned to our Kitchener, Ontario ...","Confirm employer, Ontario location, May 2027+ start, 12/16 months and degree eligibility.",,https://nuclearjobscanada.ca/jobs/625335897-intern-engineering,"Unverified automated discovery. Query/source: nuclear energy intern Ontario ""May 2027""",,2026-10-01,2026-10-01,True,Newly found
Needs confirmation,shared.ontariotechu.ca,[PDF] ENGINEERING PROGRAM GUIDE 2027-2028,Ontario searched; location unverified,,No distance cutoff; commute unverified,Unverified,Unverified,,,Students in the co-op stream who successfully complete a minimum of three 4-month work terms will graduate with the co-op designation on their degree parchment.,"Confirm employer, Ontario location, May 2027+ start, 12/16 months and degree eligibility.",,https://shared.ontariotechu.ca/shared/faculty/feas/documents/program-guide-2027-2028.pdf,Unverified automated discovery. Query/source: biomedical engineering co-op Ontario 2027 12 16 months,,2026-10-01,2026-10-01,True,Newly found
Needs confirmation,www.engineeringcareers.ca,Civil Engineering Internship - May 2027 job with McElhanney,Ontario searched; location unverified,,No distance cutoff; commute unverified,2027-05 (indexed title; unverified),Unverified,,,"Sep 18, 2026 · We are hiring for a 4- or 8-month summer internship starting in May 2027 in our Engineering division in Fort St. John. Our preference is for ...","Confirm employer, Ontario location, May 2027+ start, 12/16 months and degree eligibility.",,https://www.engineeringcareers.ca/job/2085652/civil-engineering-internship-may-2027/,"Unverified automated discovery. Query/source: nuclear energy intern Ontario ""May 2027""",,2026-09-30,2026-10-01,True,Unchanged
Excluded,ca.linkedin.com,"HDR hiring Mechanical Co-op (Winter 2027) in Toronto, Ontario, Canada ...",Ontario searched; location unverified,,No distance cutoff; commute unverified,2027-01 (indexed title; unverified),Unverified,,,"Get notified about new Mechanical Specialist jobs in Toronto, Ontario, Canada. Sign in to create job alert Corporate Reliability Engineering Co-op Student - Winter 2027 (12-month term)","Confirm employer, Ontario location, May 2027+ start, 12/16 months and degree eligibility.",,https://ca.linkedin.com/jobs/view/mechanical-co-op-winter-2027-at-hdr-4470012726,Unverified automated discovery. Query/source: mechanical engineering co-op Ontario 2027 12 16 months,,2026-10-01,2026-10-01,True,Newly found
Excluded,ca.talent.com,Corporate Reliability Engineering Co-op Student Winter 2027 ...,Ontario searched; location unverified,,No distance cutoff; commute unverified,2027-01 (indexed title; unverified),Unverified,,,Corporate Reliability Engineering Co-op Student Winter 2027 (12-month term) · What We Offer: Co-op fee reimbursement up to $1000 if eligible · Responsibilities.,"Confirm employer, Ontario location, May 2027+ start, 12/16 months and degree eligibility.",,https://ca.talent.com/view,Unverified automated discovery. Query/source: industrial manufacturing engineering co-op Ontario 2027 12 16 months,,2026-09-23,2026-10-01,True,Unchanged
Needs confirmation,academiccalendars.romcmaster.ca,"Program: Materials Engineering, Materials Engineering Co-op (B.Eng.) - McMaster University",Ontario searched; location unverified,,No distance cutoff; commute unverified,Unverified,Unverified,,,"McMaster University’s Undergraduate and Graduate Calendars are its official repository for degree, program, and course requirements, along with the rules, regulations, policies, fees, and information about financial aid and scholarships.","Confirm employer, Ontario location, May 2027+ start, 12/16 months and degree eligibility.",,https://academiccalendars.romcmaster.ca/preview_program.php?catoid=53&poid=26829,Unverified automated discovery. Query/source: materials engineering co-op Ontario 2027 12 16 months,,2026-09-24,2026-09-29,False,Unchanged
Needs confirmation,ats-service.com,Job opportunities for students | ATS Service,Ontario searched; location unverified,,No distance cutoff; commute unverified,Unverified,Unverified,,,"As an ATS Service intern or co-op, you’ll have opportunities to thrive, learn, and contribute to the future of manufacturing.","Confirm employer, Ontario location, May 2027+ start, 12/16 months and degree eligibility.",,https://ats-service.com/student-opportunities,"Unverified automated discovery. Query/source: ""ATS Automation"" engineering co-op internship Ontario 2027",,2026-09-23,2026-09-23,False,Newly found
Needs confirmation,atsindustrialautomation.com,Why Join Us - ATS Industrial Automation,Ontario searched; location unverified,,No distance cutoff; commute unverified,Unverified,Unverified,,,"We offer various hands-on internships and co-op programs for trade, technical school, college, or graduate students across engineering, robotics, technology, operations, marketing, and business functions.","Confirm employer, Ontario location, May 2027+ start, 12/16 months and degree eligibility.",,https://atsindustrialautomation.com/why-join-us/,"Unverified automated discovery. Query/source: ""ATS Automation"" engineering co-op internship Ontario 2027",,2026-09-23,2026-09-23,False,Newly found
Needs confirmation,bci.wd10.myworkdayjobs.com,Search for Jobs - myworkdayjobs.com,Ontario searched; location unverified,,No distance cutoff; commute unverified,Unverified,Unverified,,,"DevSecOps Engineer Co-op/Internship (Winter 2027 & Summer 2027) Victoria, BC Posted 7 Days Ago JR101591","Confirm employer, Ontario location, May 2027+ start, 12/16 months and degree eligibility.",,https://bci.wd10.myworkdayjobs.com/BCI_Careers,"Unverified automated discovery. Query/source: site:myworkdayjobs.com engineering co-op Ontario ""2027"" ""months""",,2026-09-27,2026-09-27,False,Newly found
Needs confirmation,bebee.com,Nanticoke Process Engineer Internship - Exxon Mobil ... - BeBee,Ontario searched; location unverified,,No distance cutoff; commute unverified,Unverified,Unverified,,,"2 days ago · Join Imperial as a Process Engineer Intern in Nanticoke, Ontario, starting January or May 2027. Collaborate on refining operations and ...","Confirm employer, Ontario location, May 2027+ start, 12/16 months and degree eligibility.",,https://bebee.com/ca/jobs/nanticoke-process-engineer-internship-exxon-mobil-corporation-port-dover--talent-639047617828102976,"Unverified automated discovery. Query/source: chemical process intern Ontario ""May 2027""",,2026-09-30,2026-09-30,False,Newly found
Needs confirmation,bmo.wd3.myworkdayjobs.com,Search for Jobs,Ontario searched; location unverified,,No distance cutoff; commute unverified,Unverified,Unverified,,,"AI Engineer, Winter 2027 (Co-op/Internship) - 8 months Toronto, ON, CAN Posted 4 Days Ago R260027622","Confirm employer, Ontario location, May 2027+ start, 12/16 months and degree eligibility.",,https://bmo.wd3.myworkdayjobs.com/Campus,"Unverified automated discovery. Query/source: site:myworkdayjobs.com engineering co-op Ontario ""2027"" ""months""",,2026-09-26,2026-09-30,False,Changed
Needs confirmation,brucepower.wd3.myworkdayjobs.com,Engineering Development Student- Future Opportunity,Ontario searched; location unverified,,No distance cutoff; commute unverified,Unverified,Unverified,,,"Job Posting Start Date: 2026-09-09 Job Posting End Date: 2026-09-23 Are you looking for a meaningful career that makes a difference in your community? Would you enjoy an opportunity to contribute to our innovation and growth by bringing personal perspectives and experiences to your everyday work? Working at Bruce Power, you can enjoy the benefits of small-town living with outdoor adventures ...","Confirm employer, Ontario location, May 2027+ start, 12/16 months and degree eligibility.",,https://brucepower.wd3.myworkdayjobs.com/en-US/BrucePower/job/Engineering-Development-Student--Future-Opportunity_10013803,Unverified automated discovery. Query/source: site:brucepower.wd3.myworkdayjobs.com engineering student intern co-op 2027,,2026-09-30,2026-09-30,False,Newly found
Needs confirmation,brucepower.wd3.myworkdayjobs.com,Women in Nuclear Engineering Development Student,Ontario searched; location unverified,,No distance cutoff; commute unverified,Unverified,Unverified,,,"Job Posting Start Date: 2024-12-12 Job Posting End Date: 2025-01-05 At Bruce Power, you’ll experience the meaningful work of advancing Ontario’s clean energy future and medical isotope innovation while contributing to a culture of excellence. Step into an inclusive and dynamic environment that values collaboration, encourages bold ideas and ...","Confirm employer, Ontario location, May 2027+ start, 12/16 months and degree eligibility.",,https://brucepower.wd3.myworkdayjobs.com/en-US/Campus/job/Women-in-Nuclear-Engineering-Development-Student_10010056,Unverified automated discovery. Query/source: site:brucepower.wd3.myworkdayjobs.com engineering student intern co-op 2027,,2026-09-23,2026-09-26,False,Unchanged
Needs confirmation,brucepower.wd3.myworkdayjobs.com,Bruce Power Early Career Opportunities for UNB Students and ...,Ontario searched; location unverified,,No distance cutoff; commute unverified,Unverified,Unverified,,,"Job Posting Start Date: 2026-09-10 Job Posting End Date: 2026-10-04 Are you looking for a meaningful career that makes a difference in your community? Would you enjoy an opportunity to contribute to our innovation and growth by bringing personal perspectives and experiences to your everyday work? Working at Bruce Power, you can enjoy the benefits of small-town living with outdoor adventures and a rewarding career. As part of our progressive, diverse, and inclusive workplace, you will work in a Safety-First environment, supporting challenging and impactful nuclear projects like our Life Extension Program and medical isotope production. Ongoing training and development are part of every job, offering constant growth and skill-building potential. Calling All Engineering Students and Soon‑to‑Be New Grads! Bruce Power is visiting UNB on October 14th, 2026 and is now accepting applications for Student (Co‑op) opportunities and New Graduate / Early Career Engineering roles at our Tiverton site. Whether you’re a current","Confirm employer, Ontario location, May 2027+ start, 12/16 months and degree eligibility.",,https://brucepower.wd3.myworkdayjobs.com/en-US/Campus/job/Bruce-Power-Early-Career-Opportunities-for-UNB-Students-and-Graduates_10013823,Unverified automated discovery. Query/source: site:brucepower.wd3.myworkdayjobs.com engineering student intern co-op 2027,,2026-09-26,2026-09-26,False,Newly found
Needs confirmation,builtin.com,Robotics Engineering Co-op - Magna International | Built In,Ontario searched; location unverified,,No distance cutoff; commute unverified,Unverified,Unverified,,,"Job Responsibilities: Position Overview Magna Corporate R&D in Toronto is seeking a talented, visionary, and self-motivated Robotics Engineering Co-op student to join the Advanced Robotics Group for a 12-16-month term (PEY).","Confirm employer, Ontario location, May 2027+ start, 12/16 months and degree eligibility.",,https://builtin.com/job/robotics-engineering-co-op/9874685,Unverified automated discovery. Query/source: automation robotics engineering co-op Ontario 2027 12 16 months,,2026-09-23,2026-09-26,False,Unchanged
Needs confirmation,builtin.com,Engineering Co-op Student - Magna International | Built In,Ontario searched; location unverified,,No distance cutoff; commute unverified,Unverified,Unverified,,,"Magna International is hiring for a Engineering Co-op Student in Brampton, ON, CAN. Find more details about the job and how to apply at Built In.","Confirm employer, Ontario location, May 2027+ start, 12/16 months and degree eligibility.",,https://builtin.com/job/engineering-co-op-student/11193042,"Unverified automated discovery. Query/source: ""Magna divisions"" engineering co-op internship Ontario 2027",,2026-09-26,2026-09-26,False,Newly found
Needs confirmation,ca.indeed.com,Mechatronics Co Op Jobs in Ontario (with Salaries) | Indeed Canada,Ontario searched; location unverified,,No distance cutoff; commute unverified,Unverified,Unverified,,,"Reporting to the Global Leader, Continuous Improvement, the Engineering… · Minimum 3rd year co-op student in mechanical, mechatronics, materials metallurgy or industrial engineering.","Confirm employer, Ontario location, May 2027+ start, 12/16 months and degree eligibility.",,https://ca.indeed.com/Mechatronics-Co-Op-jobs-in-Ontario,Unverified automated discovery. Query/source: mechatronics engineering co-op Ontario 2027 12 16 months,,2026-09-23,2026-09-23,False,Newly found
Needs confirmation,ca.indeed.com,"$60K–$127K Material Engineering Co Op Jobs in Ontario, 2 September 2026 | Indeed",Ontario searched; location unverified,,No distance cutoff; commute unverified,Unverified,Unverified,,,"Search 92 Material Engineering Co Op jobs now available in Ontario on Indeed.com, the world's largest job site.","Confirm employer, Ontario location, May 2027+ start, 12/16 months and degree eligibility.",,https://ca.indeed.com/m/jobs?q=Material+Engineering+Co+Op&l=Ontario,Unverified automated discovery. Query/source: materials engineering co-op Ontario 2027 12 16 months,,2026-09-23,2026-09-23,False,Newly found
Needs confirmation,ca.indeed.com,Environmental Engineering Co Op jobs in Ontario - Indeed,Ontario searched; location unverified,,No distance cutoff; commute unverified,Unverified,Unverified,,,"In progress toward earning a Bachelor's degree (minimum) in civil or environmental engineering (or related field). The duration of the co-op can be either 8,12 or 16 months. Perform calculations, modelling, and analyses that inform critical engineering decisions.","Confirm employer, Ontario location, May 2027+ start, 12/16 months and degree eligibility.",,https://ca.indeed.com/Environmental-Engineering-Co-Op-jobs-in-Ontario,Unverified automated discovery. Query/source: environmental engineering co-op Ontario 2027 12 16 months,,2026-09-23,2026-09-23,False,Newly found
Needs confirmation,ca.jooble.org,Mechanical Engineering Intern Spring 2027 at Rocket Lab ...,Ontario searched; location unverified,,No distance cutoff; commute unverified,Unverified,Unverified,,,Job opening at Rocket Lab Corporation for Mechanical Engineering Intern Spring 2027 (Internship) in Toronto. Discover new career opportunities with Jooble,"Confirm employer, Ontario location, May 2027+ start, 12/16 months and degree eligibility.",,https://ca.jooble.org/jdp/-770732983232747152,"Unverified automated discovery. Query/source: ""Rocket Lab"" engineering co-op internship Ontario 2027",,2026-09-27,2026-09-27,False,Newly found
Needs confirmation,ca.jooble.org,Student Engineering Co-op/Intern at AtkinsRéalis ... - Jooble,Ontario searched; location unverified,,No distance cutoff; commute unverified,Unverified,Unverified,,,"The successful candidate will join a mature team of project and engineering personnel and will be assigned tasks in the areas of engineering, engineering administration and/or project administration. This role will be based in Mississauga or Pickering, ON.","Confirm employer, Ontario location, May 2027+ start, 12/16 months and degree eligibility.",,https://ca.jooble.org/jdp/4300828362749631932,"Unverified automated discovery. Query/source: ""AtkinsRéalis"" engineering co-op internship Ontario 2027",,2026-09-26,2026-09-26,False,Newly found
Needs confirmation,ca.jooble.org,Urgent! Engineering co-op jobs in Ontario - September 2026 ...,Ontario searched; location unverified,,No distance cutoff; commute unverified,Unverified,Unverified,,,StackAdapt is seeking a talented Quality Engineer who is passionate about software quality and test automation to be part of a highly impactful team that will directly affect the...,"Confirm employer, Ontario location, May 2027+ start, 12/16 months and degree eligibility.",,https://ca.jooble.org/jobs-engineering-co+op/Ontario,Unverified automated discovery. Query/source: quality reliability engineering co-op Ontario 2027 12 16 months,,2026-09-23,2026-09-23,False,Newly found
Needs confirmation,ca.linkedin.com,Thermo Fisher Scientific hiring Reliability Engineering Co-Op in ...,Ontario searched; location unverified,,No distance cutoff; commute unverified,Unverified,Unverified,,,"Sep 20, 2026 · Undergraduate student completing a Bachelor's degree in Engineering between December 2027 – June 2029. Previous related co-ops, internships, and ...","Confirm employer, Ontario location, May 2027+ start, 12/16 months and degree eligibility.",,https://ca.linkedin.com/jobs/view/reliability-engineering-co-op-at-thermo-fisher-scientific-4467325233,Unverified automated discovery. Query/source: quality reliability engineering co-op Ontario 2027 12 16 months,,2026-09-23,2026-09-30,False,Changed
Needs confirmation,ca.linkedin.com,Co-op/ Intern Site Reliability Engineer - LinkedIn,Ontario searched; location unverified,,No distance cutoff; commute unverified,Unverified,Unverified,,,"Sep 3, 2026 · Apply for Co-op/ Intern Site Reliability Engineer at Kinaxis in Waterloo, Ontario, Canada. Internship Internship role. See responsibilities, qualifications, and similar jobs on LinkedIn.","Confirm employer, Ontario location, May 2027+ start, 12/16 months and degree eligibility.",,https://ca.linkedin.com/jobs/view/co-op-intern-site-reliability-engineer-at-kinaxis-4462890476,"Unverified automated discovery. Query/source: quality reliability intern Ontario ""May 2027""",,2026-09-30,2026-09-30,False,Newly found
Needs confirmation,ca.linkedin.com,"Quality Control Intern at Interfor — Timmins, Ontario, Canada ...",Ontario searched; location unverified,,No distance cutoff; commute unverified,Unverified,Unverified,,,"Apply for Quality Control Intern at Interfor in Timmins, Ontario, Canada. Volunteer Internship role. See responsibilities, qualifications, and similar jobs on LinkedIn.","Confirm employer, Ontario location, May 2027+ start, 12/16 months and degree eligibility.",,https://ca.linkedin.com/jobs/view/quality-control-intern-at-interfor-4460768723,"Unverified automated discovery. Query/source: quality reliability intern Ontario ""May 2027""",,2026-09-30,2026-09-30,False,Newly found
Needs confirmation,ca.linkedin.com,"Semtech hiring Firmware Design Intern in Ottawa, Ontario ...",Ontario searched; location unverified,,No distance cutoff; commute unverified,Unverified,Unverified,,,6 days ago · Partner with Semtech’s dynamic team of senior designers who will provide mentoring and guidance throughout the internship term. This position is for a 12 – 16-month student Firmware design internship at Semtech Canada with the Signal Integrity Products Group (SIP) in our Ottawa Design Centre.,"Confirm employer, Ontario location, May 2027+ start, 12/16 months and degree eligibility.",,https://ca.linkedin.com/jobs/view/firmware-design-intern-at-semtech-4471600010,"Unverified automated discovery. Query/source: design systems intern Ontario ""May 2027""",,2026-09-30,2026-09-30,False,Newly found
Needs confirmation,ca.linkedin.com,Co-op Engineering Student at Aecon Group Inc. — Toronto ...,Ontario searched; location unverified,,No distance cutoff; commute unverified,Unverified,Unverified,,,"Apply for Co-op Engineering Student at Aecon Group Inc. in Toronto, Ontario, Canada. Full-time Internship role. See responsibilities, qualifications, and similar jobs on LinkedIn.","Confirm employer, Ontario location, May 2027+ start, 12/16 months and degree eligibility.",,https://ca.linkedin.com/jobs/view/co-op-engineering-student-at-aecon-group-inc-4415972402,"Unverified automated discovery. Query/source: ""Aecon"" engineering co-op internship Ontario 2027",,2026-09-26,2026-09-27,False,Unchanged
Needs confirmation,ca.linkedin.com,"Indigenous Engineer Intern/co-op at GHD — Waterloo, Ontario ...",Ontario searched; location unverified,,No distance cutoff; commute unverified,Unverified,Unverified,,,"Apply for Indigenous Engineer Intern/co-op at GHD in Waterloo, Ontario, Canada. Volunteer Internship role. See responsibilities, qualifications, and similar jobs on LinkedIn.","Confirm employer, Ontario location, May 2027+ start, 12/16 months and degree eligibility.",,https://ca.linkedin.com/jobs/view/indigenous-engineer-intern-co-op-at-ghd-4414739947,"Unverified automated discovery. Query/source: ""GHD"" engineering co-op internship Ontario 2027",,2026-09-26,2026-09-27,False,Unchanged
Needs confirmation,ca.linkedin.com,Maintenance/Quality Intern at Interfor — Sault Ste. Marie ...,Ontario searched; location unverified,,No distance cutoff; commute unverified,Unverified,Unverified,,,"Sep 4, 2026 · Apply for Maintenance/Quality Intern at Interfor in Sault Ste. Marie, Ontario, Canada. Volunteer Internship role. See responsibilities, qualifications, and similar jobs on LinkedIn.","Confirm employer, Ontario location, May 2027+ start, 12/16 months and degree eligibility.",,https://ca.linkedin.com/jobs/view/maintenance-quality-intern-at-interfor-4460787017,"Unverified automated discovery. Query/source: quality reliability intern Ontario ""May 2027""",,2026-09-27,2026-09-27,False,Newly found
Needs confirmation,ca.linkedin.com,Manufacturing Engineering (Co-op Student) at Magna ... - LinkedIn,Ontario searched; location unverified,,No distance cutoff; commute unverified,Unverified,Unverified,,,"Apply for Manufacturing Engineering (Co-op Student) at Magna International in Milton, Ontario, Canada. Full-time Internship role. See responsibilities, qualifications, and similar jobs...","Confirm employer, Ontario location, May 2027+ start, 12/16 months and degree eligibility.",,https://ca.linkedin.com/jobs/view/manufacturing-engineering-co-op-student-at-magna-international-4436136224,"Unverified automated discovery. Query/source: ""Magna divisions"" engineering co-op internship Ontario 2027",,2026-09-23,2026-09-26,False,Unchanged
Needs confirmation,ca.linkedin.com,L3Harris Technologies hiring Manufacturing Engineering Intern ...,Ontario searched; location unverified,,No distance cutoff; commute unverified,Unverified,Unverified,,,"Sep 18, 2026 · Working under the general direction and guidance of your Manager and the Senior Operations Engineer Lead, you be collaborating with contacts on Operations Engineering, Engineering and...","Confirm employer, Ontario location, May 2027+ start, 12/16 months and degree eligibility.",,https://ca.linkedin.com/jobs/view/manufacturing-engineering-intern-service-co-op-at-l3harris-technologies-4469109428,"Unverified automated discovery. Query/source: ""L3Harris"" engineering co-op internship Ontario 2027",,2026-09-26,2026-09-26,False,Newly found
Needs confirmation,ca.linkedin.com,Student Engineering Co-op/Intern at AtkinsRéalis ... - LinkedIn,Ontario searched; location unverified,,No distance cutoff; commute unverified,Unverified,Unverified,,,"3 days ago · Apply for Student Engineering Co-op/Intern at AtkinsRéalis in Mississauga, Ontario, Canada. Full-time Internship role. See responsibilities, qualifications, and similar jobs on...","Confirm employer, Ontario location, May 2027+ start, 12/16 months and degree eligibility.",,https://ca.linkedin.com/jobs/view/student-engineering-co-op-intern-at-atkinsréalis-4470650634,"Unverified automated discovery. Query/source: ""AtkinsRéalis"" engineering co-op internship Ontario 2027",,2026-09-26,2026-09-26,False,Newly found
Needs confirmation,ca.linkedin.com,AtkinsRéalis hiring Student Engineering Co-op/Intern in ...,Ontario searched; location unverified,,No distance cutoff; commute unverified,Unverified,Unverified,,,"We are proud to be the steward of Canadian CANDU nuclear technology. The position of Student Engineering Intern will be a junior contributing role to assist Technical Directors, Technical...","Confirm employer, Ontario location, May 2027+ start, 12/16 months and degree eligibility.",,https://ca.linkedin.com/jobs/view/student-engineering-co-op-intern-at-atkinsréalis-4470655441,"Unverified automated discovery. Query/source: ""AtkinsRéalis"" engineering co-op internship Ontario 2027",,2026-09-26,2026-09-26,False,Newly found
Needs confirmation,ca.linkedin.com,"WSP in Canada hiring Intern, Mechanical Engineering - Winter ...",Ontario searched; location unverified,,No distance cutoff; commute unverified,Unverified,Unverified,,,"As a Mechanical Engineering Student, you’ll support real‑world projects that shape smarter, more resilient spaces — and see your ideas come to life alongside engineers who are energizing the...","Confirm employer, Ontario location, May 2027+ start, 12/16 months and degree eligibility.",,https://ca.linkedin.com/jobs/view/intern-mechanical-engineering-winter-2027-at-wsp-in-canada-4457702153,"Unverified automated discovery. Query/source: ""WSP"" engineering co-op internship Ontario 2027",,2026-09-26,2026-09-26,False,Newly found
Needs confirmation,ca.linkedin.com,Dillon Consulting: Civil Engineering Intern - LinkedIn,Ontario searched; location unverified,,No distance cutoff; commute unverified,Unverified,Unverified,,,Dillon Consulting is looking for a Civil Engineering Co-op/Intern to fill an existing vacancy within our multidisciplinary team of professionals. You will have the opportunity to work...,"Confirm employer, Ontario location, May 2027+ start, 12/16 months and degree eligibility.",,https://ca.linkedin.com/jobs/view/dillon-consulting-civil-engineering-intern-at-dillon-consulting-limited-4369717024?position=1&pageNum=0,"Unverified automated discovery. Query/source: ""Dillon Consulting"" engineering co-op internship Ontario 2027",,2026-09-26,2026-09-26,False,Newly found
Needs confirmation,ca.linkedin.com,S&C Electric Company hiring Electrical Engineering Design ...,Ontario searched; location unverified,,No distance cutoff; commute unverified,Unverified,Unverified,,,"Sep 4, 2026 · Job Description At S&C Electric Canada, Co-Op students are valued contributors to our mission of building a safer, more reliable, and more resilient electrical grid. With over 70 years of innovation in Canada, we continue this legacy as a trusted, forward-thinking leader in the power industry.","Confirm employer, Ontario location, May 2027+ start, 12/16 months and degree eligibility.",,https://ca.linkedin.com/jobs/view/electrical-engineering-design-support-co-op-at-s-c-electric-company-4463383982,"Unverified automated discovery. Query/source: ""S&C Electric"" engineering co-op internship Ontario 2027",,2026-09-26,2026-09-26,False,Newly found
Needs confirmation,ca.linkedin.com,"Stryker hiring R&D Engineering Co-op in Toronto, Ontario ...",Ontario searched; location unverified,,No distance cutoff; commute unverified,Unverified,Unverified,,,The primary responsibility will be assisting with the mechanical design of various products of the Stryker Endoscopy portfolio with particular focus on hand-held medical imaging products.,"Confirm employer, Ontario location, May 2027+ start, 12/16 months and degree eligibility.",,https://ca.linkedin.com/jobs/view/r-d-engineering-co-op-at-stryker-4445797083?position=1&pageNum=0,"Unverified automated discovery. Query/source: ""Stryker"" engineering co-op internship Ontario 2027",,2026-09-26,2026-09-26,False,Newly found
Needs confirmation,ca.linkedin.com,"Skyworks Solutions, Inc. hiring Test Engineering Co-Op (May ...",Ontario searched; location unverified,,No distance cutoff; commute unverified,Unverified,Unverified,,,"Test Engineering Co-Op (May 2027-April 2028)) Skyworks Solutions, Inc. Ottawa, Ontario, Canada 3 weeks ago 65 applicants See who Skyworks Solutions, Inc. has hired for this role","Confirm employer, Ontario location, May 2027+ start, 12/16 months and degree eligibility.",,https://ca.linkedin.com/jobs/view/test-engineering-co-op-may-2027-april-2028-at-skyworks-solutions-inc-4461516747,"Unverified automated discovery. Query/source: ""Skyworks"" engineering co-op internship Ontario 2027",,2026-09-26,2026-09-26,False,Newly found
Needs confirmation,ca.linkedin.com,"Skyworks Solutions, Inc. hiring Product Engineering Co-Op ...",Ontario searched; location unverified,,No distance cutoff; commute unverified,Unverified,Unverified,,,"Currently pursuing a Bachelor’s, Master’s, or Ph.D. degree in Electrical Engineering, Engineering Physics, Physics, or a closely related field. Available to work full-time onsite in Ottawa from...","Confirm employer, Ontario location, May 2027+ start, 12/16 months and degree eligibility.",,https://ca.linkedin.com/jobs/view/product-engineering-co-op-jan-dec-2027-at-skyworks-solutions-inc-4470207793,"Unverified automated discovery. Query/source: ""Skyworks"" engineering co-op internship Ontario 2027",,2026-09-26,2026-09-26,False,Newly found
Needs confirmation,ca.linkedin.com,College Co-Op Student - Area Distribution Engineering ...,Ontario searched; location unverified,,No distance cutoff; commute unverified,Unverified,Unverified,,,"Apply for College Co-Op Student - Area Distribution Engineering Technician - 4 Months -Winter 2027-Bowmanville at Hydro One in Bowmanville, Ontario, Canada. Contract Associate role....","Confirm employer, Ontario location, May 2027+ start, 12/16 months and degree eligibility.",,https://ca.linkedin.com/jobs/view/college-co-op-student-area-distribution-engineering-technician-4-months-winter-2027-bowmanville-at-hydro-one-4468714032,"Unverified automated discovery. Query/source: ""Hydro One"" engineering co-op internship Ontario 2027",,2026-09-26,2026-09-26,False,Newly found
Needs confirmation,ca.linkedin.com,"Aecon Group Inc. hiring Co-op Student, Engineering in Toronto ...",Ontario searched; location unverified,,No distance cutoff; commute unverified,Unverified,Unverified,,,5 days ago · Aecon has openings within the Foundations division for Engineering Co-op students. These positions will provide the opportunity to take an active involvement in exciting heavy civil...,"Confirm employer, Ontario location, May 2027+ start, 12/16 months and degree eligibility.",,https://ca.linkedin.com/jobs/view/co-op-student-engineering-at-aecon-group-inc-4469980813,"Unverified automated discovery. Query/source: ""Aecon"" engineering co-op internship Ontario 2027",,2026-09-26,2026-09-26,False,Newly found
Needs confirmation,ca.linkedin.com,Electrical Engineering Co-op Student (Water Infrastructures),Ontario searched; location unverified,,No distance cutoff; commute unverified,Unverified,Unverified,,,"5 days ago · Apply for Electrical Engineering Co-op Student (Water Infrastructures) at CIMA+ in Mississauga, Ontario, Canada. Full-time Internship role. See responsibilities, qualifications, and...","Confirm employer, Ontario location, May 2027+ start, 12/16 months and degree eligibility.",,https://ca.linkedin.com/jobs/view/electrical-engineering-co-op-student-water-infrastructures-at-cima+-4469920669,"Unverified automated discovery. Query/source: ""CIMA+"" engineering co-op internship Ontario 2027",,2026-09-26,2026-09-26,False,Newly found
Needs confirmation,ca.linkedin.com,Mechatronics Intern / Co-op Winter 2027 - LinkedIn,Ontario searched; location unverified,,No distance cutoff; commute unverified,Unverified,Unverified,,,"Get notified about new Mechatronic jobs in Mississauga, Ontario, Canada. Sign in to create job alert Electro-Mechanical Engineering Intern (Fall 2026, 16 months)","Confirm employer, Ontario location, May 2027+ start, 12/16 months and degree eligibility.",,https://ca.linkedin.com/jobs/view/mechatronics-intern-co-op-winter-2027-at-trexo-robotics-4466757237,Unverified automated discovery. Query/source: mechatronics engineering co-op Ontario 2027 12 16 months,,2026-09-23,2026-09-23,False,Newly found
Needs confirmation,ca.linkedin.com,Mechatronics Engineering Coop Jobs in Canada (540 Open Roles ... - LinkedIn,Ontario searched; location unverified,,No distance cutoff; commute unverified,Unverified,Unverified,,,"Today's top 540 Mechatronics Engineering Coop jobs in Canada. Leverage your professional network, and get hired. New Mechatronics Engineering Coop jobs added daily.","Confirm employer, Ontario location, May 2027+ start, 12/16 months and degree eligibility.",,https://ca.linkedin.com/jobs/mechatronics-engineering-coop-jobs,Unverified automated discovery. Query/source: mechatronics engineering co-op Ontario 2027 12 16 months,,2026-09-23,2026-09-23,False,Newly found
Needs confirmation,ca.linkedin.com,Environmental Engineering Co Op Jobs in Canada (118 Open ...,Ontario searched; location unverified,,No distance cutoff; commute unverified,Unverified,Unverified,,,"Aug 26, 2025 · Today's top 118 Environmental Engineering Co Op jobs in Canada. Leverage your professional network, and get hired. New Environmental Engineering Co Op jobs added daily.","Confirm employer, Ontario location, May 2027+ start, 12/16 months and degree eligibility.",,https://ca.linkedin.com/jobs/environmental-engineering-co-op-jobs,Unverified automated discovery. Query/source: environmental engineering co-op Ontario 2027 12 16 months,,2026-09-23,2026-09-23,False,Newly found
Needs confirmation,ca.linkedin.com,Biomedical Engineering Student Jobs in Canada (411 ... - LinkedIn,Ontario searched; location unverified,,No distance cutoff; commute unverified,Unverified,Unverified,,,"Today's top 411 Biomedical Engineering Student jobs in Canada. Leverage your professional network, and get hired. New Biomedical Engineering Student jobs added daily.","Confirm employer, Ontario location, May 2027+ start, 12/16 months and degree eligibility.",,https://ca.linkedin.com/jobs/biomedical-engineering-student-jobs,Unverified automated discovery. Query/source: biomedical engineering co-op Ontario 2027 12 16 months,,2026-09-23,2026-09-23,False,Newly found
Needs confirmation,ca.linkedin.com,"2,000+ Engineering Co Op jobs in Canada - LinkedIn",Ontario searched; location unverified,,No distance cutoff; commute unverified,Unverified,Unverified,,,"Today's top 2,000+ Engineering Co Op jobs in Canada. Leverage your professional network, and get hired. New Engineering Co Op jobs added daily.","Confirm employer, Ontario location, May 2027+ start, 12/16 months and degree eligibility.",,https://ca.linkedin.com/jobs/engineering-co-op-jobs,Unverified automated discovery. Query/source: quality reliability engineering co-op Ontario 2027 12 16 months,,2026-09-23,2026-09-23,False,Newly found
Needs confirmation,ca.linkedin.com,"1,000+ Quality Engineer Co Op jobs in Canada - LinkedIn",Ontario searched; location unverified,,No distance cutoff; commute unverified,Unverified,Unverified,,,"Today's top 1,000+ Quality Engineer Co Op jobs in Canada. Leverage your professional network, and get hired. New Quality Engineer Co Op jobs added daily.","Confirm employer, Ontario location, May 2027+ start, 12/16 months and degree eligibility.",,https://ca.linkedin.com/jobs/quality-engineer-co-op-jobs,Unverified automated discovery. Query/source: quality reliability engineering co-op Ontario 2027 12 16 months,,2026-09-23,2026-09-23,False,Newly found
Needs confirmation,ca.linkedin.com,Forward Deployed Engineering Intern / Co-op Winter 2027,Ontario searched; location unverified,,No distance cutoff; commute unverified,Unverified,Unverified,,,"Apply for Forward Deployed Engineering Intern / Co-op Winter 2027 at Trexo Robotics in Mississauga, Ontario, Canada. Full-time Internship role. See responsibilities, qualifications, and...","Confirm employer, Ontario location, May 2027+ start, 12/16 months and degree eligibility.",,https://ca.linkedin.com/jobs/view/forward-deployed-engineering-intern-co-op-winter-2027-at-trexo-robotics-4466757238,Unverified automated discovery. Query/source: automation robotics engineering co-op Ontario 2027 12 16 months,,2026-09-23,2026-09-23,False,Newly found
Needs confirmation,ca.linkedin.com,Electrical Engineering Intern Jobs in Ottawa (94 Open Roles ...,Ontario searched; location unverified,,No distance cutoff; commute unverified,Unverified,Unverified,,,"Today's top 94 Electrical Engineering Intern jobs in Ottawa. Leverage your professional network, and get hired. New Electrical Engineering Intern jobs added daily.","Confirm employer, Ontario location, May 2027+ start, 12/16 months and degree eligibility.",,https://ca.linkedin.com/jobs/electrical-engineering-intern-jobs-ottawa-on,"Unverified automated discovery. Query/source: electrical intern Ontario ""May 2027""",,2026-09-23,2026-09-23,False,Newly found
Needs confirmation,ca.linkedin.com,Mechatronics Internship Jobs in Canada (584 Open Roles ...,Ontario searched; location unverified,,No distance cutoff; commute unverified,Unverified,Unverified,,,"Today's top 584 Mechatronics Internship jobs in Canada. Leverage your professional network, and get hired. New Mechatronics Internship jobs added daily.","Confirm employer, Ontario location, May 2027+ start, 12/16 months and degree eligibility.",,https://ca.linkedin.com/jobs/mechatronics-internship-jobs,"Unverified automated discovery. Query/source: mechatronics intern Ontario ""May 2027""",,2026-09-23,2026-09-23,False,Newly found
Needs confirmation,ca.linkedin.com,Mechatronics Engineering Internships Jobs in Canada (529 Open ...,Ontario searched; location unverified,,No distance cutoff; commute unverified,Unverified,Unverified,,,"Today's top 529 Mechatronics Engineering Internships jobs in Canada. Leverage your professional network, and get hired. New Mechatronics Engineering Internships jobs added daily.","Confirm employer, Ontario location, May 2027+ start, 12/16 months and degree eligibility.",,https://ca.linkedin.com/jobs/mechatronics-engineering-internships-jobs,"Unverified automated discovery. Query/source: mechatronics intern Ontario ""May 2027""",,2026-09-23,2026-09-23,False,Newly found
Needs confirmation,ca.linkedin.com,Manufacturing Intern Jobs in Canada (759 Open Roles) | LinkedIn,Ontario searched; location unverified,,No distance cutoff; commute unverified,Unverified,Unverified,,,"Today's top 759 Manufacturing Intern jobs in Canada. Leverage your professional network, and get hired. New Manufacturing Intern jobs added daily.","Confirm employer, Ontario location, May 2027+ start, 12/16 months and degree eligibility.",,https://ca.linkedin.com/jobs/manufacturing-intern-jobs,"Unverified automated discovery. Query/source: industrial manufacturing intern Ontario ""May 2027""",,2026-09-23,2026-09-23,False,Newly found
Needs confirmation,ca.linkedin.com,Manufacturing Engineering Intern Jobs in Canada (834 Open ...,Ontario searched; location unverified,,No distance cutoff; commute unverified,Unverified,Unverified,,,"Today's top 834 Manufacturing Engineering Intern jobs in Canada. Leverage your professional network, and get hired. New Manufacturing Engineering Intern jobs added daily.","Confirm employer, Ontario location, May 2027+ start, 12/16 months and degree eligibility.",,https://ca.linkedin.com/jobs/manufacturing-engineering-intern-jobs,"Unverified automated discovery. Query/source: industrial manufacturing intern Ontario ""May 2027""",,2026-09-23,2026-09-23,False,Newly found
Needs confirmation,ca.linkedin.com,Robotics Intern Jobs in Canada (52 Open Roles) | LinkedIn,Ontario searched; location unverified,,No distance cutoff; commute unverified,Unverified,Unverified,,,"Today's top 52 Robotics Intern jobs in Canada. Leverage your professional network, and get hired. New Robotics Intern jobs added daily.","Confirm employer, Ontario location, May 2027+ start, 12/16 months and degree eligibility.",,https://ca.linkedin.com/jobs/robotics-intern-jobs,"Unverified automated discovery. Query/source: automation robotics intern Ontario ""May 2027""",,2026-09-23,2026-09-23,False,Newly found
Needs confirmation,ca.linkedin.com,Design Intern Jobs in Canada (152 Open Roles) | LinkedIn,Ontario searched; location unverified,,No distance cutoff; commute unverified,Unverified,Unverified,,,"Today's top 152 Design Intern jobs in Canada. Leverage your professional network, and get hired. New Design Intern jobs added daily.","Confirm employer, Ontario location, May 2027+ start, 12/16 months and degree eligibility.",,https://ca.linkedin.com/jobs/design-intern-jobs,"Unverified automated discovery. Query/source: design systems intern Ontario ""May 2027""",,2026-09-23,2026-09-23,False,Newly found
Needs confirmation,ca.linkedin.com,Summer 2027 Long Term ASIC Verification Engineering Intern ...,Ontario searched; location unverified,,No distance cutoff; commute unverified,Unverified,Unverified,,,"Sep 2, 2026 · Apply for Summer 2027 Long Term ASIC Verification Engineering Intern/ Co-Op at AMD in Kanata, Ontario, Canada. Full-time Mid-Senior level role. See responsibilities, qualifications, and similar jobs on LinkedIn.","Confirm employer, Ontario location, May 2027+ start, 12/16 months and degree eligibility.",,https://ca.linkedin.com/jobs/view/summer-2027-long-term-asic-verification-engineering-intern-co-op-at-amd-4459998437,"Unverified automated discovery. Query/source: ""AMD"" engineering co-op internship Ontario 2027",,2026-09-23,2026-09-23,False,Newly found
Needs confirmation,ca.linkedin.com,Summer 2027 Long Term Hardware Design Engineering Intern/Co-Op,Ontario searched; location unverified,,No distance cutoff; commute unverified,Unverified,Unverified,,,"Sep 1, 2026 · Apply for Summer 2027 Long Term Hardware Design Engineering Intern/Co-Op at AMD in Markham, Ontario, Canada. Full-time Mid-Senior level role. See responsibilities, qualifications, and...","Confirm employer, Ontario location, May 2027+ start, 12/16 months and degree eligibility.",,https://ca.linkedin.com/jobs/view/summer-2027-long-term-hardware-design-engineering-intern-co-op-at-amd-4459289738,"Unverified automated discovery. Query/source: ""AMD"" engineering co-op internship Ontario 2027",,2026-09-23,2026-09-23,False,Newly found
Needs confirmation,ca.linkedin.com,Winter 2027 - Piping Engineering Co-op - High Pressure ...,Ontario searched; location unverified,,No distance cutoff; commute unverified,Unverified,Unverified,,,"Sep 8, 2026 · Hatch is seeking a Mechanical/Piping Student for a 4 month internship. Reporting to the High-Pressure Metallurgy Lead Piping Engineering in the Metals, High Pressure Metallurgy group, you will...","Confirm employer, Ontario location, May 2027+ start, 12/16 months and degree eligibility.",,https://ca.linkedin.com/jobs/view/winter-2027-piping-engineering-co-op-high-pressure-metallurgy-at-hatch-4463577186,"Unverified automated discovery. Query/source: ""Hatch"" engineering co-op internship Ontario 2027",,2026-09-23,2026-09-23,False,Newly found
Needs confirmation,ca.linkedin.com,Martinrea International hiring Engineering Co-op Student in ...,Ontario searched; location unverified,,No distance cutoff; commute unverified,Unverified,Unverified,,,"Mar 20, 2026 · We invite you to follow your dreams and explore a challenging and rewarding career at Martinrea. Job Summary: The role is to work on process design and improvements for manufacturing to increase...","Confirm employer, Ontario location, May 2027+ start, 12/16 months and degree eligibility.",,https://ca.linkedin.com/jobs/view/engineering-co-op-student-at-martinrea-international-4384942160?position=20&pageNum=0,"Unverified automated discovery. Query/source: ""Martinrea"" engineering co-op internship Ontario 2027",,2026-09-23,2026-09-23,False,Newly found
Needs confirmation,ca.prosple.com,Factory Engineering Co-op at Unilever Canada | Prosple Canada,Ontario searched; location unverified,,No distance cutoff; commute unverified,Unverified,Unverified,,,Apply online for Factory Engineering Co-op at Unilever Canada & kick start your career with Prosple Canada.,"Confirm employer, Ontario location, May 2027+ start, 12/16 months and degree eligibility.",,https://ca.prosple.com/graduate-employers/unilever-canada/jobs-internships/factory-engineering-co-op,"Unverified automated discovery. Query/source: ""Unilever"" engineering co-op internship Ontario 2027",,2026-09-26,2026-09-30,False,Unchanged
Needs confirmation,ca.prosple.com,Engineering Co-op Student - Water (Summer 2027) - 16 Month ...,Ontario searched; location unverified,,No distance cutoff; commute unverified,Unverified,16 Month (indexed title),,,Apply online for Engineering Co-op Student - Water (Summer 2027) - 16 Month Term at Stantec Canada & kick start your career with Prosple Canada.,"Confirm employer, Ontario location, May 2027+ start, 12/16 months and degree eligibility.",,https://ca.prosple.com/graduate-employers/stantec-canada/jobs-internships/engineering-co-op-student-water-summer-2027-16-month-term,"Unverified automated discovery. Query/source: ""Stantec"" engineering co-op internship Ontario 2027",,2026-09-26,2026-09-26,False,Newly found
Needs confirmation,ca.prosple.com,Utilities Construction Intern - Greater Toronto Area (May ...,Ontario searched; location unverified,,No distance cutoff; commute unverified,Unverified,Unverified,,,Join Black & McDonald as an intern to gain hands-on experience in project management and engineering within a supportive environment.,"Confirm employer, Ontario location, May 2027+ start, 12/16 months and degree eligibility.",,https://ca.prosple.com/graduate-employers/black-mcdonald-canada/jobs-internships/utilities-construction-intern-greater-toronto-area,"Unverified automated discovery. Query/source: ""Black & McDonald"" engineering co-op internship Ontario 2027",,2026-09-26,2026-09-26,False,Newly found
Needs confirmation,ca.prosple.com,"Mechanical Engineering Internships in Ontario, Canada (123 ...",Ontario searched; location unverified,,No distance cutoff; commute unverified,Unverified,Unverified,,,"Find open Mechanical Engineering Internships in Ontario, Canada from top employers. Search, apply online, and kick-start your career with Prosple Canada.","Confirm employer, Ontario location, May 2027+ start, 12/16 months and degree eligibility.",,https://ca.prosple.com/mechanical-engineering-internships-in-ontario-canada,"Unverified automated discovery. Query/source: mechanical intern Ontario ""May 2027""",,2026-09-23,2026-09-23,False,Newly found
Needs confirmation,ca.prosple.com,Engineering Internships in Canada (412 open now!),Ontario searched; location unverified,,No distance cutoff; commute unverified,Unverified,Unverified,,,"Engineering Internships in Ontario: Ontario is the economic powerhouse of Canadian engineering. The Greater Toronto Area (GTA) serves as the primary hub for tech and finance, while cities like Mississauga and Markham host major manufacturing and automotive firms such as General Motors and Tesla.","Confirm employer, Ontario location, May 2027+ start, 12/16 months and degree eligibility.",,https://ca.prosple.com/engineering-internships-canada,"Unverified automated discovery. Query/source: industrial manufacturing intern Ontario ""May 2027""",,2026-09-23,2026-09-23,False,Newly found
Needs confirmation,ca.prosple.com,Summer Engineering Internships in Canada (69 open now!),Ontario searched; location unverified,,No distance cutoff; commute unverified,Unverified,Unverified,,,"Find open Summer Engineering Internships in Canada from top employers. Search, apply online, and kick-start your career with Prosple Canada.","Confirm employer, Ontario location, May 2027+ start, 12/16 months and degree eligibility.",,https://ca.prosple.com/summer-engineering-internships-canada,"Unverified automated discovery. Query/source: industrial manufacturing intern Ontario ""May 2027""",,2026-09-23,2026-09-23,False,Newly found
Needs confirmation,ca.prosple.com,Junior Engineering Specialist – Co-op (Quality) Fall Term ...,Ontario searched; location unverified,,No distance cutoff; commute unverified,Unverified,Unverified,,,Apply online for Junior Engineering Specialist – Co-op (Quality) Fall Term 2026 at Johnson Electric Canada & kick start your career with Prosple Canada.,"Confirm employer, Ontario location, May 2027+ start, 12/16 months and degree eligibility.",,https://ca.prosple.com/graduate-employers/johnson-electric-canada/jobs-internships/junior-engineering-specialist-co-op-quality-fall-term-2026,"Unverified automated discovery. Query/source: ""Johnson Electric"" engineering co-op internship Ontario 2027",,2026-09-23,2026-09-23,False,Newly found
Needs confirmation,career.cornell.edu,GE Vernova Engineering Internship – 2027- Spring/Summer,Ontario searched; location unverified,,No distance cutoff; commute unverified,Unverified,Unverified,,,"As a Co-op/Intern for the Critical Infrastructure Communications (CIC) team we will prepare you for an exciting career, tackling one of the world’s toughest challenges providing industrial communications equipment to help enable the grid of the future.","Confirm employer, Ontario location, May 2027+ start, 12/16 months and degree eligibility.",,https://career.cornell.edu/jobs/ge-vernova-ge-vernova-engineering-internship-2027-spring-summer/,"Unverified automated discovery. Query/source: ""GE Vernova"" engineering co-op internship Ontario 2027",,2026-09-26,2026-09-26,False,Newly found
Needs confirmation,careers.amd.com,Short Term 2027 Software Engineering Intern/Co-Op - AMD Careers,Ontario searched; location unverified,,No distance cutoff; commute unverified,Unverified,Unverified,,,"AMD | Students is hiring a Short Term 2027 Software Engineering Intern/Co-Op in MARKHAM, Canada. Review all of the job details and apply today!","Confirm employer, Ontario location, May 2027+ start, 12/16 months and degree eligibility.",,https://careers.amd.com/students/jobs/91368?lang=en-us,"Unverified automated discovery. Query/source: ""AMD"" engineering co-op internship Ontario 2027",,2026-09-23,2026-09-23,False,Newly found
Needs confirmation,careers.amd.com,Summer 2027 Long Term Thermal Mechanical Test Engineer Intern ...,Ontario searched; location unverified,,No distance cutoff; commute unverified,Unverified,Unverified,,,"AMD is hiring a Summer 2027 Long Term Thermal Mechanical Test Engineer Intern/Co-op in MARKHAM, Canada. Review all of the job details and apply today!","Confirm employer, Ontario location, May 2027+ start, 12/16 months and degree eligibility.",,https://careers.amd.com/careers-home/jobs/90980,"Unverified automated discovery. Query/source: ""AMD"" engineering co-op internship Ontario 2027",,2026-09-23,2026-09-23,False,Newly found
Needs confirmation,careers.apotex.com,Apotex,Ontario searched; location unverified,,No distance cutoff; commute unverified,Unverified,Unverified,,,"A uniquely designed program encompassing co-op, internship and graduate placements, providing the best possible off-campus experience and complementing our company's existing talent and our vision for the future.","Confirm employer, Ontario location, May 2027+ start, 12/16 months and degree eligibility.",,https://careers.apotex.com/go/APOcampus/2367417/,"Unverified automated discovery. Query/source: ""Apotex"" engineering co-op internship Ontario 2027",,2026-09-26,2026-09-30,False,Unchanged
Needs confirmation,careers.atkinsrealis.com,Student Engineering Co-op/Intern in Mississauga,Ontario searched; location unverified,,No distance cutoff; commute unverified,Unverified,Unverified,,,"• Duration: 4, 8, 12 or 16 months depending on candidates' availability. • Currently enrolled in a college or University in the field of Engineering and/or Technology (with preference of Mechanical, Electrical, Mechatronics, Civil, Engineering Physics, Applied Math, Applied Physics or Nuclear Engineering).","Confirm employer, Ontario location, May 2027+ start, 12/16 months and degree eligibility.",,https://careers.atkinsrealis.com/en/jobs/student-engineering-co-op-intern-r-165131,Unverified automated discovery. Query/source: nuclear energy engineering co-op Ontario 2027 12 16 months,,2026-09-26,2026-09-26,False,Newly found
Needs confirmation,careers.atkinsrealis.com,Internships – Careers at AtkinsRéalis,Ontario searched; location unverified,,No distance cutoff; commute unverified,Unverified,Unverified,,,"We offer positions with a wide range of responsibilities in all of our departments (civil engineering jobs, electrical engineering jobs, geosciences, nuclear, communications, HR, finance, IT, etc). *All internships are open to university students enrolled in a co‑op or non‑co‑op program.","Confirm employer, Ontario location, May 2027+ start, 12/16 months and degree eligibility.",,https://careers.atkinsrealis.com/en/early-careers/canada/internships,"Unverified automated discovery. Query/source: ""AtkinsRéalis"" engineering co-op internship Ontario 2027",,2026-09-26,2026-09-26,False,Newly found
Needs confirmation,careers.bloch.umkc.edu,Engineering Co-Op: Spring 2027 – Bloch Career Center | UMKC ...,Ontario searched; location unverified,,No distance cutoff; commute unverified,Unverified,Unverified,,,"With Project Management at Safran you will get real world understanding of how products and projects come to life, leveraging the strength of the team and how to manage risks and budget along the way.","Confirm employer, Ontario location, May 2027+ start, 12/16 months and degree eligibility.",,https://careers.bloch.umkc.edu/jobs/safran-electrical-power-engineering-co-op-spring-2027/,"Unverified automated discovery. Query/source: ""Safran"" engineering co-op internship Ontario 2027",,2026-09-26,2026-09-26,False,Newly found
Needs confirmation,careers.bwxt.com,Design Engineering Intern/Co-Op - Summer 2027 - BWXT,Ontario searched; location unverified,,No distance cutoff; commute unverified,Unverified,Unverified,,,"Aug 31, 2026 · As our Design Engineering Intern, you will provide support for Design and Product Engineering tasks and projects in a team environment to ensure the timely and cost-effective completion of these activities to meet customer expectations.","Confirm employer, Ontario location, May 2027+ start, 12/16 months and degree eligibility.",,https://careers.bwxt.com/job/Euclid-Design-Engineering-InternCo-Op-Summer-2027-OH/1424942100/,"Unverified automated discovery. Query/source: ""BWXT"" engineering co-op internship Ontario 2027",,2026-09-26,2026-09-26,False,Newly found
Needs confirmation,careers.celestica.com,"Student Intern, Materials Engineering Lab Job Details ...",Ontario searched; location unverified,,No distance cutoff; commute unverified,Unverified,Unverified,,,"Newmarket Student Intern, Materials Engineering Lab - ON With deep expertise in design, engineering, manufacturing, supply chain management and platform solutions, Celestica enables critical data center infrastructure for AI, cloud, and hybrid cloud and advances technologies in high-growth markets. Working with the world’s leading technology companies across a broad range of industries ...","Confirm employer, Ontario location, May 2027+ start, 12/16 months and degree eligibility.",,"https://careers.celestica.com/job/Newmarket-Student-Intern,-Materials-Engineering-Lab-ON/1439146033/",Unverified automated discovery. Query/source: site:careers.celestica.com engineering student intern co-op 2027,,2026-09-23,2026-09-23,False,Newly found
Needs confirmation,careers.celestica.com,"Student Intern, Operations Techology & AI Solutions",Ontario searched; location unverified,,No distance cutoff; commute unverified,Unverified,Unverified,,,"Education: Enrollment in a University internship/co-op program, completing 3rd year in a 4-year program or 4th year of a 5-year program of Computer or Mechatronic Engineering.","Confirm employer, Ontario location, May 2027+ start, 12/16 months and degree eligibility.",,"https://careers.celestica.com/job/Toronto-Student-Intern,-Operations-Techology-&-AI-Solutions-ON/1439741833/",Unverified automated discovery. Query/source: site:careers.celestica.com engineering student intern co-op 2027,,2026-09-23,2026-09-23,False,Newly found
Needs confirmation,careers.celestica.com,"Student Intern, Test Development Job Details | Celestica ...",Ontario searched; location unverified,,No distance cutoff; commute unverified,Unverified,Unverified,,,"Newmarket Student Intern, Test Development - ON With deep expertise in design, engineering, manufacturing, supply chain management and platform solutions, Celestica enables critical data center infrastructure for AI, cloud, and hybrid cloud and advances technologies in high-growth markets. Working with the world’s leading technology companies across a broad range of industries, Celestica ...","Confirm employer, Ontario location, May 2027+ start, 12/16 months and degree eligibility.",,"https://careers.celestica.com/job/Newmarket-Student-Intern,-Test-Development-ON/1439151233/",Unverified automated discovery. Query/source: site:careers.celestica.com engineering student intern co-op 2027,,2026-09-23,2026-09-23,False,Newly found
Needs confirmation,careers.gevernova.com,GE Vernova Engineering Intern (Summer 2027),Ontario searched; location unverified,,No distance cutoff; commute unverified,Unverified,Unverified,,,"Sep 19, 2026 · Engineering interns in Grid Solutions experience technically challenging assignments in the power generation. Join us in these exciting roles of managing processes and procedures that drive customer satisfaction.","Confirm employer, Ontario location, May 2027+ start, 12/16 months and degree eligibility.",,https://careers.gevernova.com/ge-vernova-engineering-intern-summer-2027/job/R5049950,"Unverified automated discovery. Query/source: ""GE Vernova"" engineering co-op internship Ontario 2027",,2026-09-26,2026-09-26,False,Newly found
Needs confirmation,careers.honeywell.com,Search Jobs - Honeywell Careers,Ontario searched; location unverified,,No distance cutoff; commute unverified,Unverified,Unverified,,,Mechanical Engineering - Summer 2027 Intern (US Person Required) United States Posting Date 08/25/2026,"Confirm employer, Ontario location, May 2027+ start, 12/16 months and degree eligibility.",,https://careers.honeywell.com/en/sites/Honeywell/jobs?keyword=internship&mode=location,Unverified automated discovery. Query/source: site:careers.honeywell.com engineering student intern co-op 2027,,2026-09-30,2026-09-30,False,Newly found
Needs confirmation,careers.honeywell.com,Co-Op - Bachelors Mech Eng - careers.honeywell.com,Ontario searched; location unverified,,No distance cutoff; commute unverified,Unverified,Unverified,,,"As an Intern Bachelors Mech Eng here at Honeywell, you will gain hands-on experience in mechanical engineering, work on real-world projects, and collaborate with experienced engineers to develop innovative solutions. You’ll work out of our Mason, OH location on a Hybrid work schedule.","Confirm employer, Ontario location, May 2027+ start, 12/16 months and degree eligibility.",,https://careers.honeywell.com/en/sites/Honeywell/job/110842,Unverified automated discovery. Query/source: site:careers.honeywell.com engineering student intern co-op 2027,,2026-09-23,2026-09-27,False,Unchanged
Needs confirmation,careers.honeywell.com,Search Jobs - Honeywell Careers,Ontario searched; location unverified,,No distance cutoff; commute unverified,Unverified,Unverified,,,"As a Software Engineer Co-Op here at Honeywell, you will gain hands-on experience in software development, working on real-world projects, collaborating with experienced engineers, and learning new technologies.","Confirm employer, Ontario location, May 2027+ start, 12/16 months and degree eligibility.",,https://careers.honeywell.com/en/sites/Honeywell/jobs?keyword=software+engineering+internship,Unverified automated discovery. Query/source: site:careers.honeywell.com engineering student intern co-op 2027,,2026-09-27,2026-09-27,False,Newly found
Needs confirmation,careers.l3harris.com,Search our Job Opportunities at L3Harris Technologies,Ontario searched; location unverified,,No distance cutoff; commute unverified,Unverified,Unverified,,,"Manufacturing Engineer Co-Op (Toronto, CAN) Manufacturing Toronto, Ontario Lead, Software Engineering (Dev Sec Ops) Engineering Colorado Springs, CO Intern, Electrical Engineer - Spring 2027 Engineering|Co Op/Intern Greenville, TX Electrical Engineer Intern - Fall 2027 Engineering|Co Op/Intern Greenville, TX Previous of 5 Go Next","Confirm employer, Ontario location, May 2027+ start, 12/16 months and degree eligibility.",,https://careers.l3harris.com/en/search-jobs/ops+meeting/4832/1/search-jobs,"Unverified automated discovery. Query/source: ""L3Harris"" engineering co-op internship Ontario 2027",,2026-09-26,2026-09-26,False,Newly found
Needs confirmation,careers.l3harris.com,New Grads and Interns at L3Harris,Ontario searched; location unverified,,No distance cutoff; commute unverified,Unverified,Unverified,,,"What Is Your Role at L3Harris? I COMPLETED TWO SUMMER INTERNSHIPS AT L3HARRIS BEFORE TRANSITIONING TO A FULL-TIME ROLE. I WAS ABLE TO LEARN FIRSTHAND ABOUT THE ENGINEERING PROCESS, THE QUALITY OF PRODUCTS PRODUCED, THE HELPFULNESS OF MY CO-WORKERS, HOW THE COMPANY OPERATES AND THE POTENTIAL TO EXPAND MY CAREER.","Confirm employer, Ontario location, May 2027+ start, 12/16 months and degree eligibility.",,https://careers.l3harris.com/en/new-grads-and-interns,"Unverified automated discovery. Query/source: ""L3Harris"" engineering co-op internship Ontario 2027",,2026-09-26,2026-09-26,False,Newly found
Needs confirmation,careers.l3harris.com,Search our Job Opportunities at L3Harris Technologies,Ontario searched; location unverified,,No distance cutoff; commute unverified,Unverified,Unverified,,,"Test & Integration Technician Co-op Engineering Waterdown, Ontario CNC Optical Technician Co-op (12 Month Co-op term) Manufacturing Toronto, Ontario Electro-Mechanical Technician Co-op Engineering Waterdown, Ontario Supplier Development Engineer Supply, Chain Brighton, England Manufacturing Technician Manufacturing Brighton, England Quality Manager","Confirm employer, Ontario location, May 2027+ start, 12/16 months and degree eligibility.",,https://careers.l3harris.com/en/search-jobs/2027/4832/1/1,"Unverified automated discovery. Query/source: ""L3Harris"" engineering co-op internship Ontario 2027",,2026-09-26,2026-09-26,False,Newly found
Needs confirmation,careers.pcl.com,Engineering Student Job Details | PCL Construction,Ontario searched; location unverified,,No distance cutoff; commute unverified,Unverified,Unverified,,,"Grow your career as a Engineering Student at our Ottawa district in Ottawa, Ontario, with the support you deserve. At PCL, we invest in your learning, well-being and future.","Confirm employer, Ontario location, May 2027+ start, 12/16 months and degree eligibility.",,https://careers.pcl.com/job/Ottawa-Engineering-Student-ON/1426095700/,"Unverified automated discovery. Query/source: ""PCL"" engineering co-op internship Ontario 2027",,2026-09-26,2026-09-26,False,Newly found
Needs confirmation,careers.pcl.com,Engineering Student Job Details | PCL Construction,Ontario searched; location unverified,,No distance cutoff; commute unverified,Unverified,Unverified,,,"We are seeking an Engineering Student, for our Toronto District to work from Sudbury ON, within our Canadian Buildings Division that are available for 4 or 8 months starting January 2027.","Confirm employer, Ontario location, May 2027+ start, 12/16 months and degree eligibility.",,https://careers.pcl.com/job/Sudbury-Engineering-Student-ON/1428117100/,"Unverified automated discovery. Query/source: ""PCL"" engineering co-op internship Ontario 2027",,2026-09-26,2026-09-26,False,Newly found
Needs confirmation,careers.rtx.com,"Mechanical Engineering Co-op (Winter/Spring 2027) in cedar rapids, Iowa ...",Ontario searched; location unverified,,No distance cutoff; commute unverified,Unverified,Unverified,,,"Apply for Mechanical Engineering Co-op (Winter/Spring 2027) job with RTX in cedar rapids, Iowa, United States of America. Engineering at RTX","Confirm employer, Ontario location, May 2027+ start, 12/16 months and degree eligibility.",,https://careers.rtx.com/global/en/job/01869080/Mechanical-Engineering-Co-op-Winter-Spring-2027,Unverified automated discovery. Query/source: site:careers.rtx.com engineering student intern co-op 2027,,2026-09-23,2026-09-25,False,Unchanged
Needs confirmation,careers.rtx.com,"RF Mechanical Engineer Intern (Summer 2027) (Onsite) in tucson, Arizona ...",Ontario searched; location unverified,,No distance cutoff; commute unverified,Unverified,Unverified,,,"Apply for RF Mechanical Engineer Intern (Summer 2027) (Onsite) job with RTX in tucson, Arizona, United States of America. Engineering at RTX","Confirm employer, Ontario location, May 2027+ start, 12/16 months and degree eligibility.",,https://careers.rtx.com/global/en/job/01871998/RF-Mechanical-Engineer-Intern-Summer-2027-Onsite,Unverified automated discovery. Query/source: site:careers.rtx.com engineering student intern co-op 2027,,2026-09-25,2026-09-25,False,Newly found
Needs confirmation,careers.rtx.com,Analog and Power Design Electrical Engineering Intern (Summer ...,Ontario searched; location unverified,,No distance cutoff; commute unverified,Unverified,Unverified,,,"Apply for Analog and Power Design Electrical Engineering Intern (Summer 2027) job with RTX in marlborough, Massachusetts, United States of America. Engineering at RTX","Confirm employer, Ontario location, May 2027+ start, 12/16 months and degree eligibility.",,https://careers.rtx.com/global/en/job/01871778/Analog-and-Power-Design-Electrical-Engineering-Intern-Summer-2027,Unverified automated discovery. Query/source: site:careers.rtx.com engineering student intern co-op 2027,,2026-09-23,2026-09-23,False,Newly found
Needs confirmation,careers.skyworksinc.com,Test Engineering Co-Op (May 2027-April 2028)) Job Details ...,Ontario searched; location unverified,,No distance cutoff; commute unverified,2027-05 (indexed title; unverified),Unverified,,,"Aug 31, 2026 · Must be available to work onsite from May 2027 to April 2028. Contribute to the research and development of advanced RF integrated circuits and modules in the area of wireless technology. The role primarily focuses on conducting lab tests on RF circuits and presenting/interpreting measurement data.","Confirm employer, Ontario location, May 2027+ start, 12/16 months and degree eligibility.",,https://careers.skyworksinc.com/job/Test-Engineering-Co-Op-(May-2027-April-2028))/78274-en_US/,"Unverified automated discovery. Query/source: ""Skyworks"" engineering co-op internship Ontario 2027",,2026-09-26,2026-09-26,False,Newly found
Needs confirmation,careers.skyworksinc.com,Test Engineering Co-Op (Summer/Fall 2027) Job Details | Skyworks,Ontario searched; location unverified,,No distance cutoff; commute unverified,Unverified,Unverified,,,"Aug 14, 2026 · Must be enrolled at university during the Intern/Co-Op period. Able to work onsite up to 6 months during June - December 2027. Bench experience with RF and Analog test equipment, including troubleshooting and debugging. Familiar with test measurement methods and test equipment automation.","Confirm employer, Ontario location, May 2027+ start, 12/16 months and degree eligibility.",,https://careers.skyworksinc.com/job/Test-Engineering-Co-Op-(SummerFall-2027)/78214-en_US/,"Unverified automated discovery. Query/source: ""Skyworks"" engineering co-op internship Ontario 2027",,2026-09-26,2026-09-26,False,Newly found
Needs confirmation,careers.stryker.com,Students and Graduates jobs | Stryker Careers,Ontario searched; location unverified,,No distance cutoff; commute unverified,Unverified,Unverified,,,"Student and Graduate programs in North America In the United States, we offer current students paid summer internships. For those who’ve already graduated, we have several rotational programs designed for recent graduates looking to enter the workforce full-time.","Confirm employer, Ontario location, May 2027+ start, 12/16 months and degree eligibility.",,https://careers.stryker.com/students-and-graduates,"Unverified automated discovery. Query/source: biomedical intern Ontario ""May 2027""",,2026-09-30,2026-09-30,False,Newly found
Needs confirmation,careers.stryker.com,Apply For Industrial Engineering Co-op Placement 2027,Ontario searched; location unverified,,No distance cutoff; commute unverified,Unverified,Unverified,,,"Once you have applied to one of our co-op opportunities, our dedicated University Recruiting Business Partners will take some time to look through your application and ensure you meet the criteria in relation to the specific position.","Confirm employer, Ontario location, May 2027+ start, 12/16 months and degree eligibility.",,https://careers.stryker.com/industrial-engineering-co-op-placement-2027/job/1C4D19B01CA3F90C2976959D928CFDB0,"Unverified automated discovery. Query/source: ""Stryker"" engineering co-op internship Ontario 2027",,2026-09-26,2026-09-26,False,Newly found
Needs confirmation,careers.toyota.com,Students & Early Careers,Ontario searched; location unverified,,No distance cutoff; commute unverified,Unverified,Unverified,,,"This 12-to-14 week program takes place throughout the spring, summer and fall. Co-op experiences are fast-paced, hands-on and typically located at our Manufacturing Plants, Parts Distribution Centers, or Production Engineering facilities across the United States.","Confirm employer, Ontario location, May 2027+ start, 12/16 months and degree eligibility.",,https://careers.toyota.com/us/en/students,"Unverified automated discovery. Query/source: ""Toyota Motor Manufacturing Canada"" engineering co-op internship Ontario 2027",,2026-09-23,2026-09-23,False,Newly found
Needs confirmation,careers.tranetechnologies.com,Engineering Co-ops - Trane Technologies,Ontario searched; location unverified,,No distance cutoff; commute unverified,Unverified,Unverified,,,Our Co-op program (typically 6-9 month full-time assignments) introduces you to the operations of an entry-level engineer while leading multiple projects.,"Confirm employer, Ontario location, May 2027+ start, 12/16 months and degree eligibility.",,https://careers.tranetechnologies.com/global/en/co-ops,"Unverified automated discovery. Query/source: ""Trane Technologies"" engineering co-op internship Ontario 2027",,2026-09-30,2026-09-30,False,Newly found
Needs confirmation,careers.tranetechnologies.com,"2027 Energy Engineering Intern in Markham, Ontario, Canada ...",Ontario searched; location unverified,,No distance cutoff; commute unverified,Unverified,Unverified,,,"Apply for 2027 Energy Engineering Intern job with Trane Technologies in Markham, Ontario, Canada. Sales at Trane Technologies.","Confirm employer, Ontario location, May 2027+ start, 12/16 months and degree eligibility.",,https://careers.tranetechnologies.com/global/en/job/JR-15026/2027-Energy-Engineering-Intern,"Unverified automated discovery. Query/source: ""Trane Technologies"" engineering co-op internship Ontario 2027",,2026-09-26,2026-09-26,False,Newly found
Needs confirmation,careers.tranetechnologies.com,Early Careers at Trane Technologies,Ontario searched; location unverified,,No distance cutoff; commute unverified,Unverified,Unverified,,,"Our Co-op program is comprised of 6- to 9-month full-time assignments that provide a robust introduction to engineering, with the unique opportunity to own and lead multiple projects end-to-end.","Confirm employer, Ontario location, May 2027+ start, 12/16 months and degree eligibility.",,https://careers.tranetechnologies.com/global/en/early-careers,"Unverified automated discovery. Query/source: ""Trane Technologies"" engineering co-op internship Ontario 2027",,2026-09-26,2026-09-26,False,Newly found
Needs confirmation,cibc.wd3.myworkdayjobs.com,Search for Jobs - myworkdayjobs.com,Ontario searched; location unverified,,No distance cutoff; commute unverified,Unverified,Unverified,,,"Process Engineering Analyst, Continuous Improvement & Data Insights Co-op (12 to 16 month Term) Toronto, ON Posted 4 Days Ago 2619157","Confirm employer, Ontario location, May 2027+ start, 12/16 months and degree eligibility.",,https://cibc.wd3.myworkdayjobs.com/campus,"Unverified automated discovery. Query/source: site:myworkdayjobs.com engineering co-op Ontario ""2027"" ""months""",,2026-09-26,2026-09-26,False,Newly found
Needs confirmation,ciena.wd5.myworkdayjobs.com,Search for Jobs - myworkdayjobs.com,Ontario searched; location unverified,,No distance cutoff; commute unverified,Unverified,Unverified,,,ASIC Processor Complex Engineering Co-op (January 2027 - 4 months) Ottawa Posted 2 Days Ago R031744,"Confirm employer, Ontario location, May 2027+ start, 12/16 months and degree eligibility.",,https://ciena.wd5.myworkdayjobs.com/Careers/,"Unverified automated discovery. Query/source: site:myworkdayjobs.com engineering co-op Ontario ""2027"" ""months""",,2026-09-30,2026-09-30,False,Newly found
Needs confirmation,coop.apsc.ubc.ca,Materials Engineering | Applied Science Co-op: Engineering and Architecture,Ontario searched; location unverified,,No distance cutoff; commute unverified,Unverified,Unverified,,,Program OverviewMaterials Engineering students develop in-depth knowledge of the entire life cycle of materials to solve process-design problems and materials-selection solutions for diverse applications.,"Confirm employer, Ontario location, May 2027+ start, 12/16 months and degree eligibility.",,https://coop.apsc.ubc.ca/employers/disciplines/materials-engineering,Unverified automated discovery. Query/source: materials engineering co-op Ontario 2027 12 16 months,,2026-09-23,2026-09-29,False,Unchanged
Needs confirmation,earlyvia.com,Summer 2027 Long Term Software Test Engineering Intern/Co-Op,Ontario searched; location unverified,,No distance cutoff; commute unverified,Unverified,Unverified,,,"Sep 1, 2026 · We are seeking highly motivated Software Test Engineering intern/co-op to join our team and participate in different phases of the Software Test lifecycle in close collaboration with the development teams and Project Engineers to drive defects to closures.","Confirm employer, Ontario location, May 2027+ start, 12/16 months and degree eligibility.",,https://earlyvia.com/amd/summer-2027-long-term-software-test-engineering-internco-op-e171972f,"Unverified automated discovery. Query/source: ""AMD"" engineering co-op internship Ontario 2027",,2026-09-23,2026-09-23,False,Newly found
Needs confirmation,earlyvia.com,Summer 2027 Long Term Diagnostics Design Engineering Intern/Co-Op,Ontario searched; location unverified,,No distance cutoff; commute unverified,Unverified,Unverified,,,"Sep 1, 2026 · As an AMD intern, you’ll be placed at the epicenter of the AI ecosystem, working alongside experts and industry pioneers. You’ll do important work, learn new skills, expand your network, and gain real-world experience on projects that impact millions of end-users worldwide.","Confirm employer, Ontario location, May 2027+ start, 12/16 months and degree eligibility.",,https://earlyvia.com/amd/summer-2027-long-term-diagnostics-design-engineering-internco-op-b7d3d407,"Unverified automated discovery. Query/source: ""AMD"" engineering co-op internship Ontario 2027",,2026-09-23,2026-09-23,False,Newly found
Needs confirmation,eaton.eightfold.ai,Firmware Engineer Internship / Co-op | Eaton Corporation,Ontario searched; location unverified,,No distance cutoff; commute unverified,Unverified,Unverified,,,"The Firmware Engineering Intern / Co-op is responsible for supporting the creative design and development of connected home energy management systems, intelligent vehicle-to-home/grid (V2X) power management products, plus other electric power grid system solutions.","Confirm employer, Ontario location, May 2027+ start, 12/16 months and degree eligibility.",,https://eaton.eightfold.ai/careers/job/687238596754,"Unverified automated discovery. Query/source: ""Eaton"" engineering co-op internship Ontario 2027",,2026-09-26,2026-09-26,False,Newly found
Needs confirmation,emplois.ca.indeed.com,"100+ offres Winter 2027 Engineering Co Op (Ontario), 23 ...",Ontario searched; location unverified,,No distance cutoff; commute unverified,Unverified,Unverified,,,"Consultez nos 164 offres d'emploi Winter 2027 Engineering Co Op - Ontario disponible sur Indeed.com, le premier site d'emploi au Québec et au Canada.","Confirm employer, Ontario location, May 2027+ start, 12/16 months and degree eligibility.",,https://emplois.ca.indeed.com/q-winter-2027-engineering-co-op-l-ontario-emplois.html?vjk=0e72814041ef134a,"Unverified automated discovery. Query/source: site:ca.indeed.com engineering co-op Ontario ""2027"" ""months""",,2026-09-23,2026-09-23,False,Newly found
Needs confirmation,emplois.ca.indeed.com,"2 000+ offres 2027 Internship, 23 septembre 2026 | Indeed",Ontario searched; location unverified,,No distance cutoff; commute unverified,Unverified,Unverified,,,"Winter 2027 - Co-Op - Engineering - Timmins Ontario Power Generation Timmins, ON De 33,60 $ à 44,77 $ de l’heure","Confirm employer, Ontario location, May 2027+ start, 12/16 months and degree eligibility.",,https://emplois.ca.indeed.com/q-2027-internship-emplois.html?vjk=5d0fd0f467dfd286,"Unverified automated discovery. Query/source: site:ca.indeed.com engineering co-op Ontario ""2027"" ""months""",,2026-09-23,2026-09-23,False,Newly found
Needs confirmation,engineering.calendar.utoronto.ca,UNDERGRADUATE PROGRAM IN CHEMICAL ENGINEERING (AECHEBASC) | Faculty of Applied Science and Engineering,Ontario searched; location unverified,,No distance cutoff; commute unverified,Unverified,Unverified,,,"Students registered within this ... Experience Year Co-Op Program (PEY Co-Op). The PEY Co-op program requires that qualified students undertake a paid, full-time 12-16 month continuous work period with a cooperating industry....","Confirm employer, Ontario location, May 2027+ start, 12/16 months and degree eligibility.",,https://engineering.calendar.utoronto.ca/undergraduate-program-chemical-engineering-aechebasc,Unverified automated discovery. Query/source: chemical process engineering co-op Ontario 2027 12 16 months,,2026-09-24,2026-09-27,False,Unchanged
Needs confirmation,engineering.ontariotechu.ca,Engineering Co-Op | Faculty of Engineering and Applied Science,Ontario searched; location unverified,,No distance cutoff; commute unverified,Unverified,Unverified,,,"Students in the co-op stream who successfully complete three work terms (12 months) will graduate with the co-op designation on their degree parchment, and typically this extends the program of study by one year.","Confirm employer, Ontario location, May 2027+ start, 12/16 months and degree eligibility.",,https://engineering.ontariotechu.ca/current-students/current-undergraduate/engineering-co-op/index.php,Unverified automated discovery. Query/source: mechanical engineering co-op Ontario 2027 12 16 months,,2026-09-23,2026-09-23,False,Newly found
Needs confirmation,engineering.ontariotechu.ca,Frequently Asked Questions | Faculty of Engineering and Applied Science,Ontario searched; location unverified,,No distance cutoff; commute unverified,Unverified,Unverified,,,"Work terms can be a duration of 4, 8, 12, or 16-months. The maximum duration is 16 months. A 16-month co-op can only begin in May. If students start a co-op in September or January, the maximum duration of a co-op is 12 months.","Confirm employer, Ontario location, May 2027+ start, 12/16 months and degree eligibility.",,https://engineering.ontariotechu.ca/current-students/current-undergraduate/engineering-co-op/frequently-asked-questions.php,Unverified automated discovery. Query/source: electrical engineering co-op Ontario 2027 12 16 months,,2026-09-23,2026-09-23,False,Newly found
Needs confirmation,engineeringcareers.utoronto.ca,PEY Co-op Home - Engineering Career Centre,Ontario searched; location unverified,,No distance cutoff; commute unverified,Unverified,Unverified,,,"Each year, 1,000+ PEY Co-op students secure positions through a dedicated job board of 5,000+ positions. PEY Co-op is open to Canadian and international students at U of T Engineering. Training starts in first year, allowing students to hone critical job-search and professional skills before starting a work term. A work term of 12 to16 months allows students to make significant strides on the ...","Confirm employer, Ontario location, May 2027+ start, 12/16 months and degree eligibility.",,https://engineeringcareers.utoronto.ca/,Unverified automated discovery. Query/source: mechanical engineering co-op Ontario 2027 12 16 months,,2026-09-27,2026-09-27,False,Newly found
Needs confirmation,fa-epmd-saasfaprod1.fa.ocs.oraclecloud.com,Search Jobs - Linamar Career Site - New Careers,Ontario searched; location unverified,,No distance cutoff; commute unverified,Unverified,Unverified,,,"Linamar Light Metals - Mills River is looking for an engineering intern. If you are looking to elevate your skillset, apply today!","Confirm employer, Ontario location, May 2027+ start, 12/16 months and degree eligibility.",,https://fa-epmd-saasfaprod1.fa.ocs.oraclecloud.com/hcmUI/CandidateExperience/en/sites/CX_3001/jobs,"Unverified automated discovery. Query/source: ""Linamar"" engineering co-op internship Ontario 2027",,2026-09-27,2026-09-27,False,Newly found
Needs confirmation,fandpmfg.com,Mechanical Engineering Co-op (January to April 2027) - F&P Mfg. Inc.,Ontario searched; location unverified,,No distance cutoff; commute unverified,Unverified,Unverified,,,"Mechanical Engineering Co-op (January to April 2027) Build a career through F&P Mfg., Inc. About Us: F&P Mfg., Inc., is a subsidiary of Ftech Inc, in Japan, a leading Tier 1 Automotive Parts Manufacturer located in Tottenham, Ontario.","Confirm employer, Ontario location, May 2027+ start, 12/16 months and degree eligibility.",,https://fandpmfg.com/2026/09/24/mechanical-engineering-co-op-january-to-april-2027/,Unverified automated discovery. Query/source: mechanical engineering co-op Ontario 2027 12 16 months,,2026-09-27,2026-09-30,False,Unchanged
Needs confirmation,fr.simplyhired.ca,Engineering Co-op Student - Martinrea International Inc ...,Ontario searched; location unverified,,No distance cutoff; commute unverified,Unverified,Unverified,,,We invite you to follow your dreams and explore a challenging and rewarding career at Martinrea. Job Summary: The role is to work on process design and improvements for manufacturing to increase productivity and improve manufacturing flow.,"Confirm employer, Ontario location, May 2027+ start, 12/16 months and degree eligibility.",,https://fr.simplyhired.ca/job/TKrG3YNEIzMuga4KDrxJ0qz-3vw-WpXIUGS5-8x3rC23Su__EpIwkQ,"Unverified automated discovery. Query/source: ""Martinrea"" engineering co-op internship Ontario 2027",,2026-09-23,2026-09-23,False,Newly found
Needs confirmation,fr.workopolis.com,"Test Engineering, Co-op - Armstrong Fluid Technology ...",Ontario searched; location unverified,,No distance cutoff; commute unverified,Unverified,Unverified,,,"We are looking for a motivated and detail-oriented Engineering Co-op to join our team in Toronto, Canada. The ideal candidate will support a wide range of engineering projects, including testing pumps, motors and drives, assisting with verification, creating reports, and participating in technical investigations.","Confirm employer, Ontario location, May 2027+ start, 12/16 months and degree eligibility.",,https://fr.workopolis.com/jobsearch/viewjob/IxmPup2yBFzMj8G7a6-NxkewNL69OMueP7SfexBvNAkkDCDmE0DvvEjWEFQL5hk5,"Unverified automated discovery. Query/source: ""Armstrong Fluid Technology"" engineering co-op internship Ontario 2027",,2026-09-30,2026-09-30,False,Newly found
Needs confirmation,fr.workopolis.com,"Student Engineering Co-op/Intern - AtkinsRéalis | Mississauga, ON",Ontario searched; location unverified,,No distance cutoff; commute unverified,Unverified,Unverified,,,Overview Student Engineering Intern AtkinsRéalis is one of Canada's largest private sector nuclear engineering groups. We have been providing a wide range of services to the nuclear industry in Canada and around the world since for more than 60 years. We are proud to be the steward of Canadian CANDU nuclear technology. The position of Student Engineering Intern will be a junior contributing ...,"Confirm employer, Ontario location, May 2027+ start, 12/16 months and degree eligibility.",,https://fr.workopolis.com/jobsearch/viewjob/SInTz5YC5YgMlKClp2Zn5CayAuI-sq6biTDOfwXAgtTwfhvUmxno_5521W_byeXp,"Unverified automated discovery. Query/source: ""AtkinsRéalis"" engineering co-op internship Ontario 2027",,2026-09-26,2026-09-26,False,Newly found
Needs confirmation,fr.workopolis.com,Mechanical Engineering Student - MCW Group of Companies ...,Ontario searched; location unverified,,No distance cutoff; commute unverified,Unverified,Unverified,,,"The ideal candidate takes initiative, is interested in pursuing a career in engineering consulting and is willing to take on responsibility as their experience progresses.","Confirm employer, Ontario location, May 2027+ start, 12/16 months and degree eligibility.",,https://fr.workopolis.com/jobsearch/viewjob/E8RWf60sPweR5OvBEfLuzwccAMgIKKdait591yhFBHzp397P9ubO2Hj9oeIBNeqy,"Unverified automated discovery. Query/source: ""MCW"" engineering co-op internship Ontario 2027",,2026-09-26,2026-09-26,False,Newly found
Needs confirmation,gdmissionsystems.ca,Job Search - General Dynamics Mission Systems—Canada,Ontario searched; location unverified,,No distance cutoff; commute unverified,Unverified,Unverified,,,Co-op Winter 2027 - System of Systems Engineering - 8-16 Months Intern ... We are looking for a Co-Op Student to join the System-of-Systems ( ...,"Confirm employer, Ontario location, May 2027+ start, 12/16 months and degree eligibility.",,https://gdmissionsystems.ca/careers/job-search,Unverified automated discovery. Query/source: quality reliability engineering co-op Ontario 2027 12 16 months,,2026-09-30,2026-09-30,False,Newly found
Needs confirmation,gdmissionsystems.ca,Co-Op Opportunities - General Dynamics Mission Systems ...,Ontario searched; location unverified,,No distance cutoff; commute unverified,Unverified,Unverified,,,"Our industry-leading co-op program offers meaningful, hands-on work for students looking to make an impact. Each year, we accept over 50 students into the ...","Confirm employer, Ontario location, May 2027+ start, 12/16 months and degree eligibility.",,https://gdmissionsystems.ca/careers/co-op-opportunities,Unverified automated discovery. Query/source: design systems engineering co-op Ontario 2027 12 16 months,,2026-09-23,2026-09-23,False,Newly found
Needs confirmation,gevernova.wd5.myworkdayjobs.com,GE Vernova Nuclear Engineering Co-Op/Intern - Spring 2027,Ontario searched; location unverified,,No distance cutoff; commute unverified,Unverified,Unverified,,,Start Your Application GE Vernova Nuclear Engineering Co-Op/Intern - Spring 2027 Autofill with Resume Apply Manually Use My Last Application,"Confirm employer, Ontario location, May 2027+ start, 12/16 months and degree eligibility.",,https://gevernova.wd5.myworkdayjobs.com/en-US/Vernova_ExternalSite/job/GE-Vernova-Nuclear-Engineering-Co-Op-Intern---Spring-2027_R5048552-2/apply,"Unverified automated discovery. Query/source: ""GE Vernova"" engineering co-op internship Ontario 2027",,2026-09-26,2026-09-26,False,Newly found
Needs confirmation,gevernova.wd5.myworkdayjobs.com,PCS Application Engineering Co-Op/Intern - Summer 2027,Ontario searched; location unverified,,No distance cutoff; commute unverified,Unverified,Unverified,,,"Through relentless innovation and continuous collaboration with our customers, GEV Power Conversion & Storage, part of GE Vernova, is providing more advanced, cleaner, and efficient power that people depend on today and building the energy technologies of the future.","Confirm employer, Ontario location, May 2027+ start, 12/16 months and degree eligibility.",,https://gevernova.wd5.myworkdayjobs.com/en-US/vernova_externalsite/job/PCS-Application-Engineering-Co-Op-Intern---Summer-2027_R5050417-2,"Unverified automated discovery. Query/source: ""GE Vernova"" engineering co-op internship Ontario 2027",,2026-09-26,2026-09-26,False,Newly found
Needs confirmation,in.prosple.com,Boeing Summer 2027 Internship Program (Paid) – Engineering,Ontario searched; location unverified,,No distance cutoff; commute unverified,Unverified,Unverified,,,Apply freshers or internship jobs as Boeing Summer 2027 Internship Program (Paid) – Engineering at Boeing and kick start your career with Prosple India.,"Confirm employer, Ontario location, May 2027+ start, 12/16 months and degree eligibility.",,https://in.prosple.com/graduate-employers/boeing/jobs-internships/boeing-summer-2027-internship-program-paid-engineering,"Unverified automated discovery. Query/source: site:prosple.com engineering co-op Ontario ""2027"" ""months""",,2026-09-23,2026-09-30,False,Changed
Needs confirmation,interfor.com,Maintenance/Quality Intern - Interfor Corporation,Ontario searched; location unverified,,No distance cutoff; commute unverified,Unverified,Unverified,,,"Sep 3, 2026 · Learn how maintenance, quality control, and production teams work together to safely produce quality wood products. Support equipment reliability, maintenance planning, troubleshooting, or mechanical process improvements. Complete quality-control surveys and collect operational or Key Performance Indicator data across areas of the mill.","Confirm employer, Ontario location, May 2027+ start, 12/16 months and degree eligibility.",,https://interfor.com/career/maintenance-quality-intern/,"Unverified automated discovery. Query/source: quality reliability intern Ontario ""May 2027""",,2026-09-30,2026-09-30,False,Newly found
Needs confirmation,interninsider.me,Intern Insider — Internships for Students in Canada & the US,Ontario searched; location unverified,,No distance cutoff; commute unverified,Unverified,Unverified,,,Samantha C. Mechanical Engineering Student All in One Platform “ Getting my first internship was the hardest. Intern Insider's exclusive job board and AI resume builder really helped me. ”,"Confirm employer, Ontario location, May 2027+ start, 12/16 months and degree eligibility.",,https://interninsider.me/,"Unverified automated discovery. Query/source: site:interninsider.me engineering co-op Ontario ""2027"" ""months""",,2026-09-23,2026-09-23,False,Newly found
Needs confirmation,job-boards.greenhouse.io,Job Application for Mechanical Engineering Intern Summer 2027 ...,Ontario searched; location unverified,,No distance cutoff; commute unverified,Unverified,Unverified,,,"As a Mechanical Engineering Intern based at Rocket Lab’s site in Toronto, Canada, you will have the opportunity to support the team responsible for the development, test, and maintenance of all mechanical aspects of our reaction wheel and star tracker products.","Confirm employer, Ontario location, May 2027+ start, 12/16 months and degree eligibility.",,https://job-boards.greenhouse.io/rocketlab/jobs/7991769003,"Unverified automated discovery. Query/source: ""Rotech"" engineering co-op internship Ontario 2027",,2026-09-23,2026-09-30,False,Unchanged
Needs confirmation,job-boards.greenhouse.io,Job Application for Summer 2027 Engineering Internship/Co-op ...,Ontario searched; location unverified,,No distance cutoff; commute unverified,Unverified,Unverified,,,"SUMMER 2027 ENGINEERING INTERNSHIP/CO-OP SpaceX seeks extraordinary students to join us for engineering roles in Summer 2027. As an intern, you will work closely with your mentor and other employees who will help you apply your knowledge and grow your skills on projects that have a significant impact.","Confirm employer, Ontario location, May 2027+ start, 12/16 months and degree eligibility.",,https://job-boards.greenhouse.io/spacex/jobs/8621740002,"Unverified automated discovery. Query/source: site:job-boards.greenhouse.io engineering co-op Ontario ""2027"" ""months""",,2026-09-23,2026-09-30,False,Changed
Needs confirmation,job-boards.greenhouse.io,Summer 2027 Silicon Engineering Internship/Co-op,Ontario searched; location unverified,,No distance cutoff; commute unverified,Unverified,Unverified,,,"SUMMER 2027 SILICON ENGINEERING INTERNSHIP/CO-OP SpaceX seeks extraordinary students to join us for silicon hardware engineering roles in Summer 2027. As a silicon engineering intern, you will work closely with your mentor and other world-class cross-disciplinary teams (systems, firmware, architecture, design, validation, product engineering, ASIC implementation) who will help you apply your ...","Confirm employer, Ontario location, May 2027+ start, 12/16 months and degree eligibility.",,https://job-boards.greenhouse.io/spacex/jobs/8621763002,"Unverified automated discovery. Query/source: site:job-boards.greenhouse.io engineering co-op Ontario ""2027"" ""months""",,2026-09-30,2026-09-30,False,Newly found
Needs confirmation,job-boards.greenhouse.io,Spring 2027 Software Engineering Internship/Co-op,Ontario searched; location unverified,,No distance cutoff; commute unverified,Unverified,Unverified,,,"SpaceX seeks extraordinary students to join us for software engineering roles in Spring 2027. As a software intern, you will work closely with your mentor and other employees who will help you apply your knowledge and grow your skills on projects that have a significant impact.","Confirm employer, Ontario location, May 2027+ start, 12/16 months and degree eligibility.",,https://job-boards.greenhouse.io/spacex/jobs/8621756002,"Unverified automated discovery. Query/source: site:job-boards.greenhouse.io engineering co-op Ontario ""2027"" ""months""",,2026-09-23,2026-09-23,False,Newly found
Needs confirmation,job-boards.greenhouse.io,Jobs at ARCO Design/Build,Ontario searched; location unverified,,No distance cutoff; commute unverified,Unverified,Unverified,,,"Memphis, TN, US Construction Project Manager Intern or Co-Op (Summer 2027) Salt Lake City, UT, US Construction Project Manager (New Grad 2027) Columbus, OH, US Construction Project Manager (New Grad 2027) Columbia, MD, US Construction Project Manager (New Grad 2027) Indianapolis, IN, US Construction Project Manager (New Grad 2027) Louisville ...","Confirm employer, Ontario location, May 2027+ start, 12/16 months and degree eligibility.",,https://job-boards.greenhouse.io/arcodb,"Unverified automated discovery. Query/source: site:job-boards.greenhouse.io engineering co-op Ontario ""2027"" ""months""",,2026-09-23,2026-09-23,False,Newly found
Needs confirmation,job-boards.greenhouse.io,"Job Application for Software Developer Intern, MyGeotab ...",Ontario searched; location unverified,,No distance cutoff; commute unverified,Unverified,Unverified,,,"You'll gain exposure to distributed systems concepts and real-world software engineering practices, while learning what it takes to safely ship changes to a platform that processes billions of requests everyday.","Confirm employer, Ontario location, May 2027+ start, 12/16 months and degree eligibility.",,https://job-boards.greenhouse.io/internshiplist2000/jobs/5414448008,"Unverified automated discovery. Query/source: site:job-boards.greenhouse.io engineering co-op Ontario ""2027"" ""months""",,2026-09-23,2026-09-23,False,Newly found
Needs confirmation,jobright.ai,Design Engineering Intern/Co-Op - Summer 2027 Job Details | BWXT,Ontario searched; location unverified,,No distance cutoff; commute unverified,Unverified,Unverified,,,"The Design Engineering Intern supports Design and Product Engineering projects by evaluating hardware discrepancies, maintaining component and assembly models and drawings, and collaborating with customers, engineers, and functional departments.","Confirm employer, Ontario location, May 2027+ start, 12/16 months and degree eligibility.",,https://jobright.ai/jobs/info/6aa8cf5710b1cd4f41604185,"Unverified automated discovery. Query/source: ""BWXT"" engineering co-op internship Ontario 2027",,2026-09-26,2026-09-26,False,Newly found
Needs confirmation,jobright.ai,Design Engineering Intern/Co-Op - Summer 2027 @ BWXT ...,Ontario searched; location unverified,,No distance cutoff; commute unverified,Unverified,Unverified,,,"The Design Engineering Intern will support Design and Product Engineering projects by evaluating hardware discrepancies, maintaining component models and drawings, and collaborating with customers, engineers, and other departments.","Confirm employer, Ontario location, May 2027+ start, 12/16 months and degree eligibility.",,https://jobright.ai/jobs/info/6a95b345c8763a3a87ffb83a,"Unverified automated discovery. Query/source: ""BWXT"" engineering co-op internship Ontario 2027",,2026-09-26,2026-09-26,False,Newly found
Needs confirmation,jobs.aecon.com,"Co-op Student, Engineering Job Details | Aecon",Ontario searched; location unverified,,No distance cutoff; commute unverified,Unverified,Unverified,,,6 days ago · What is the Opportunity? Aecon has openings within the Foundations division for Engineering Co-op students. These positions will provide the opportunity to take an active involvement in exciting heavy civil projects and provide opportunities for learning and development.,"Confirm employer, Ontario location, May 2027+ start, 12/16 months and degree eligibility.",,"https://jobs.aecon.com/job/Toronto-Co-op-Student,-Engineering-ON/606296717/","Unverified automated discovery. Query/source: ""Aecon"" engineering co-op internship Ontario 2027",,2026-09-27,2026-09-27,False,Newly found
Needs confirmation,jobs.arup.com,Electrical Engineering Intern (May 2026 - May 2027) - Arup ...,Ontario searched; location unverified,,No distance cutoff; commute unverified,2027-05 (indexed title; unverified),Unverified,,,"Thanks for your interest in the Electrical Engineering Intern (May 2026 - May 2027) position. Unfortunately this position has been closed but you can search our 1,008 open jobs by clicking here.","Confirm employer, Ontario location, May 2027+ start, 12/16 months and degree eligibility.",,https://jobs.arup.com/jobs/electrical-engineering-intern-may-2026-may-2027-31340,"Unverified automated discovery. Query/source: electrical intern Ontario ""May 2027""",,2026-09-23,2026-09-27,False,Changed
Needs confirmation,jobs.atsautomation.com,GRADS AND APPRENTICES - ATS Automation Tooling Systems,Ontario searched; location unverified,,No distance cutoff; commute unverified,Unverified,Unverified,,,"We hire new graduates into a variety of areas—engineering, finance, supply chain, human resources and technical assembly, just to name a few. We’re also proud to offer co-op opportunities for those who are in the process of completing their education.","Confirm employer, Ontario location, May 2027+ start, 12/16 months and degree eligibility.",,https://jobs.atsautomation.com/content/GRADS-AND-APPRENTICES/?locale=en_US,"Unverified automated discovery. Query/source: ""ATS Automation"" engineering co-op internship Ontario 2027",,2026-09-23,2026-09-27,False,Unchanged
Needs confirmation,jobs.constellationenergy.com,Summer 2027 Strategic/Systems Engineering Internship ...,Ontario searched; location unverified,,No distance cutoff; commute unverified,Unverified,Unverified,,,"We are currently seeking highly motivated engineering students for Engineering Internships for 2027 to work in person at our Nuclear location in Ontario, NY. These paid internships will last approximately 10 weeks starting June 7th, 2027 through August 13th, 2027. Interns will work on specific projects, designed to help them gain real-world, hands-on experience working independently under an ...","Confirm employer, Ontario location, May 2027+ start, 12/16 months and degree eligibility.",,https://jobs.constellationenergy.com/careers-home/jobs/138654?lang=en-us,"Unverified automated discovery. Query/source: nuclear energy intern Ontario ""May 2027""",,2026-09-30,2026-09-30,False,Newly found
Needs confirmation,jobs.hatch.com,Winter 2027 - Piping Engineering Co-op - High Pressure ...,Ontario searched; location unverified,,No distance cutoff; commute unverified,Unverified,Unverified,,,"Sep 8, 2026 · Hatch is seeking a Mechanical/Piping Student for a 4 month internship. Reporting to the High-Pressure Metallurgy Lead Piping Engineering in the Metals, High Pressure Metallurgy group, you will support offices globally working from our Mississauga office location.","Confirm employer, Ontario location, May 2027+ start, 12/16 months and degree eligibility.",,https://jobs.hatch.com/job/Mississauga-Winter-2027-Piping-Engineering-Co-op-High-Pressure-Metallurgy-ON/1427670800/,"Unverified automated discovery. Query/source: ""Hatch"" engineering co-op internship Ontario 2027",,2026-09-23,2026-09-23,False,Newly found
Needs confirmation,jobs.hatch.com,"Mechanical Engineering Student, Technologies Job Details | Hatch",Ontario searched; location unverified,,No distance cutoff; commute unverified,Unverified,Unverified,,,"Sep 9, 2026 · Hatch is currently seeking a Mechanical Engineering Student for our Technologies Group, located in our Mississauga head office, starting Spring 2027 for a 16-month co-op. If you have strong communication skills, a positive attitude, and understand innovation, we want to hear from you.","Confirm employer, Ontario location, May 2027+ start, 12/16 months and degree eligibility.",,"https://jobs.hatch.com/job/Mississauga-Mechanical-Engineering-Student,-Technologies-ON/1427991600/","Unverified automated discovery. Query/source: ""Hatch"" engineering co-op internship Ontario 2027",,2026-09-23,2026-09-23,False,Newly found
Needs confirmation,jobs.hydroone.com,University Co-Op Student-Equipment Engineering and ...,Ontario searched; location unverified,,No distance cutoff; commute unverified,Unverified,Unverified,,,"Hydro One is proud to be the largest electricity transmission and distribution provider in Ontario, serving nearly 1.5 million customers. We have a long history in the industry with our roots dating back over 110 years to 1906.","Confirm employer, Ontario location, May 2027+ start, 12/16 months and degree eligibility.",,https://jobs.hydroone.com/job/Toronto-University-Co-Op-Student-Equipment-Engineering-and-Transmission-Asset-Planning-12-Months-Winter-2027-ON/1291561847/,"Unverified automated discovery. Query/source: ""Hydro One"" engineering co-op internship Ontario 2027",,2026-09-26,2026-09-26,False,Newly found
Needs confirmation,jobs.inovait.ca,Production/Operations Co-op @ Synaptive Medical | INOVAIT Job ...,Ontario searched; location unverified,,No distance cutoff; commute unverified,Unverified,Unverified,,,"Mar 18, 2026 · You'll work closely with Production, Quality, Engineering, and Finance teams and receive dedicated mentorship throughout your term. This posting is for a 4 month co-op term beginning in May 2026, with the possibility of extending.","Confirm employer, Ontario location, May 2027+ start, 12/16 months and degree eligibility.",,https://jobs.inovait.ca/companies/synaptive-medical/jobs/71071971-production-operations-co-op,"Unverified automated discovery. Query/source: ""Synaptive Medical"" engineering co-op internship Ontario 2027",,2026-09-30,2026-09-30,False,Newly found
Needs confirmation,jobs.lever.co,Acceldata - Field Engineering Co-Op,Ontario searched; location unverified,,No distance cutoff; commute unverified,Unverified,Unverified,,,"As a Field Engineer Co-op at Acceldata, you’ll be working hands-on with complex distributed systems, helping real customers solve deep infrastructure and data observability challenges.","Confirm employer, Ontario location, May 2027+ start, 12/16 months and degree eligibility.",,https://jobs.lever.co/acceldata/d69a1a62-284c-47d1-b74f-ea02dffad32f,"Unverified automated discovery. Query/source: site:jobs.lever.co engineering co-op Ontario ""2027"" ""months""",,2026-09-23,2026-09-27,False,Unchanged
Needs confirmation,jobs.lever.co,Nexus Engineering Group - Piping Internship or Co-Op (Summer ...,Ontario searched; location unverified,,No distance cutoff; commute unverified,Unverified,Unverified,,,"The Piping Engineer Intern or Co-op will work alongside other Piping Engineers in our Piping Departments to prepare drawings, calculations, and other deliverables for our clients’ design projects.","Confirm employer, Ontario location, May 2027+ start, 12/16 months and degree eligibility.",,https://jobs.lever.co/nexuse-group/1c99ce4b-dfc4-423d-af93-ef73557baf4d,"Unverified automated discovery. Query/source: site:jobs.lever.co engineering co-op Ontario ""2027"" ""months""",,2026-09-27,2026-09-27,False,Newly found
Needs confirmation,jobs.lever.co,Kepler Communications jobs,Ontario searched; location unverified,,No distance cutoff; commute unverified,Unverified,Unverified,,,"Embedded Software Engineering Intern (January 2027) (4 months) On-site — Intern/Co-op Toronto, Ontario Apply","Confirm employer, Ontario location, May 2027+ start, 12/16 months and degree eligibility.",,https://jobs.lever.co/kepler/?commitment=Intern/Co-op,"Unverified automated discovery. Query/source: site:jobs.lever.co engineering co-op Ontario ""2027"" ""months""",,2026-09-23,2026-09-23,False,Newly found
Needs confirmation,jobs.lever.co,CesiumAstro - Summer 2027 - Mechanical Engineering Internship,Ontario searched; location unverified,,No distance cutoff; commute unverified,Unverified,Unverified,,,"We are actively seeking passionate, collaborative, energetic, and forward-thinking individuals to join our team. The CesiumAstro mechanical team is looking for Summer 2027 interns to design and build space structures and thermal systems for satellite communication systems.","Confirm employer, Ontario location, May 2027+ start, 12/16 months and degree eligibility.",,https://jobs.lever.co/CesiumAstro/c7217acc-8eb4-4431-9e90-f426ccca8d1f,"Unverified automated discovery. Query/source: site:jobs.lever.co engineering co-op Ontario ""2027"" ""months""",,2026-09-23,2026-09-23,False,Newly found
Needs confirmation,jobs.lever.co,Kepler Communications jobs,Ontario searched; location unverified,,No distance cutoff; commute unverified,Unverified,Unverified,,,"FPGA Digital Design Engineering Intern (January 2027) (4-16 months) Hybrid — Intern/Co-op Toronto, Ontario","Confirm employer, Ontario location, May 2027+ start, 12/16 months and degree eligibility.",,"https://jobs.lever.co/kepler?location=Toronto,+Ontario","Unverified automated discovery. Query/source: site:jobs.lever.co engineering co-op Ontario ""2027"" ""months""",,2026-09-23,2026-09-23,False,Newly found
Needs confirmation,jobs.lever.co,Shield AI - Electrical Engineering Spring Co-op (January 2027 ...,Ontario searched; location unverified,,No distance cutoff; commute unverified,Unverified,Unverified,,,"You will join a team of highly talented cross-functional engineers that exhibit a culture of mentorship, kindness, ownership, and hard work. The ideal start date is January 2027, and the end date is flexible. Recruitment for this role will not begin until August.","Confirm employer, Ontario location, May 2027+ start, 12/16 months and degree eligibility.",,https://jobs.lever.co/shieldai/87d982f2-8b2b-4c73-9a19-71e461c7b724,"Unverified automated discovery. Query/source: site:jobs.lever.co engineering co-op Ontario ""2027"" ""months""",,2026-09-23,2026-09-23,False,Newly found
Needs confirmation,jobs.rbc.com,Co-op & Internships jobs | Jobs at RBC,Ontario searched; location unverified,,No distance cutoff; commute unverified,Unverified,Unverified,,,"2027 Capital Markets, Global Equities, AI Engineer (16 Months, Co-op) Rotational Programs | Internships TORONTO, Ontario, Canada Full time Posted Date: 09/14/2026","Confirm employer, Ontario location, May 2027+ start, 12/16 months and degree eligibility.",,https://jobs.rbc.com/ca/en/featuredopportunities/student-early-talent-jobs,"Unverified automated discovery. Query/source: ""ATS Automation"" engineering co-op internship Ontario 2027",,2026-09-23,2026-09-23,False,Newly found
Needs confirmation,jobs.smartrecruiters.com,Co-op Winter 2027 - System of Systems Engineering - 8-16 ...,Ontario searched; location unverified,,No distance cutoff; commute unverified,Unverified,Unverified,,,"Co-op Winter 2027 - System of Systems Engineering - 8-16 Months 1941 Robertson Road, Ottawa, Ontario, Canada","Confirm employer, Ontario location, May 2027+ start, 12/16 months and degree eligibility.",,https://jobs.smartrecruiters.com/GDMSI/744000149355000-co-op-winter-2027-system-of-systems-engineering-8-16-months?oga=true,Unverified automated discovery. Query/source: design systems engineering co-op Ontario 2027 12 16 months,,2026-09-23,2026-09-23,False,Newly found
Needs confirmation,jobs.smartrecruiters.com,Co-op Winter 2027 – Systems Test Engineering - 4-8 Months ...,Ontario searched; location unverified,,No distance cutoff; commute unverified,Unverified,Unverified,,,"Co-op Winter 2027 – Systems Test Engineering - 4-8 Months 1941 Robertson Road, Ottawa, Ontario, Canada","Confirm employer, Ontario location, May 2027+ start, 12/16 months and degree eligibility.",,https://jobs.smartrecruiters.com/GDMSI/744000149344878-co-op-winter-2027-systems-test-engineering-4-8-months?oga=true,"Unverified automated discovery. Query/source: site:jobs.smartrecruiters.com engineering co-op Ontario ""2027"" ""months""",,2026-09-23,2026-09-23,False,Newly found
Needs confirmation,jobs.smartrecruiters.com,Co-op Winter 2027 - Software Developer - 8 Months,Ontario searched; location unverified,,No distance cutoff; commute unverified,Unverified,Unverified,,,The Applications team for the Land C5ISR Program is looking for a Co-op Software Engineer to join our team. We develop and integrate various software products that enable the Canadian Army to support and accomplish their missions.,"Confirm employer, Ontario location, May 2027+ start, 12/16 months and degree eligibility.",,https://jobs.smartrecruiters.com/GDMSI/744000147554134-co-op-winter-2027-software-developer-8-months,"Unverified automated discovery. Query/source: site:jobs.smartrecruiters.com engineering co-op Ontario ""2027"" ""months""",,2026-09-23,2026-09-23,False,Newly found
Needs confirmation,jobs.solidprofessor.com,"Test Engineering, Co-op | SolidProfessor | Careers",Ontario searched; location unverified,,No distance cutoff; commute unverified,Unverified,Unverified,,,"Job Description Imagine working at the forefront of innovation in fluid-flow technology, with over 1400 colleagues across the globe, and contributing to a legacy of excellence that spans eight manufacturing facilities on four continents. Armstrong Fluid Technology is more than just a leader in our industry; we are a community of the brightest and most creative minds, driven by a shared mission ...","Confirm employer, Ontario location, May 2027+ start, 12/16 months and degree eligibility.",,https://jobs.solidprofessor.com/job/369411/test-engineering-co-op/,"Unverified automated discovery. Query/source: ""Armstrong Fluid Technology"" engineering co-op internship Ontario 2027",,2026-09-26,2026-09-26,False,Newly found
Needs confirmation,jobs.spacecapital.com,"Engineering Student, Systems Engineering - Space Missions ...",Ontario searched; location unverified,,No distance cutoff; commute unverified,Unverified,Unverified,,,"We’re on the hunt for a Systems Engineering Co-op – Space Missions in our Satellite Systems Engineering Team at our Richmond office. This is an 8-months role, starting January 2027.","Confirm employer, Ontario location, May 2027+ start, 12/16 months and degree eligibility.",,https://jobs.spacecapital.com/companies/mda/jobs/93669671-engineering-student-systems-engineering-space-missions-winter-2027,"Unverified automated discovery. Query/source: ""MDA Space"" engineering co-op internship Ontario 2027",,2026-09-26,2026-09-26,False,Newly found
Needs confirmation,jobs.thermofisher.com,"Reliability Engineering Co-Op job in Mississauga, Ontario ...",Ontario searched; location unverified,,No distance cutoff; commute unverified,Unverified,Unverified,,,"Apply for Reliability Engineering Co-Op job with Thermo Fisher Scientific in Mississauga, Ontario, Canada. Students & Internships jobs at Thermo Fisher Scientific","Confirm employer, Ontario location, May 2027+ start, 12/16 months and degree eligibility.",,https://jobs.thermofisher.com/global/en/job/R-01366617/Reliability-Engineering-Co-Op,Unverified automated discovery. Query/source: quality reliability engineering co-op Ontario 2027 12 16 months,,2026-09-30,2026-09-30,False,Newly found
Needs confirmation,jooble.org,Electrical Engineering Intern/Co-Op - Summer 2027 at BWXT ...,Ontario searched; location unverified,,No distance cutoff; commute unverified,Unverified,Unverified,,,Job opening at BWXT for Electrical Engineering Intern/Co-Op - Summer 2027 (Full-time / Internship) in Euclid. Discover new career opportunities with Jooble,"Confirm employer, Ontario location, May 2027+ start, 12/16 months and degree eligibility.",,https://jooble.org/jdp/-5403120842119762371,"Unverified automated discovery. Query/source: ""BWXT"" engineering co-op internship Ontario 2027",,2026-09-26,2026-09-26,False,Newly found
Needs confirmation,laurentian.ca,"Co-op | Faculty of Science, Engineering and Architecture",Ontario searched; location unverified,,No distance cutoff; commute unverified,Unverified,Unverified,,,"co-op placement 4 to 16 Months. Work terms run 4, 8, 12 or 16 months and can start in September, January or May. Reliability Engineering Co-op Student. A co-op ...","Confirm employer, Ontario location, May 2027+ start, 12/16 months and degree eligibility.",,https://laurentian.ca/academics/faculties/science-engineering-architecture/coop,Unverified automated discovery. Query/source: quality reliability engineering co-op Ontario 2027 12 16 months,,2026-09-23,2026-09-23,False,Newly found
Needs confirmation,lumentum.wd5.myworkdayjobs.com,Process Engineer Co-op/Intern,Ontario searched; location unverified,,No distance cutoff; commute unverified,Unverified,Unverified,,,"The Opportunity Lumentum is seeking an enthusiastic, innovative, organized Robotic Process Engineer (Co-op/Intern). The role start date is January 4th, 2027, on-site in Ottawa, Ontario.","Confirm employer, Ontario location, May 2027+ start, 12/16 months and degree eligibility.",,https://lumentum.wd5.myworkdayjobs.com/en-US/LITE/job/Process-Engineer-Co-op-Intern_20261183,"Unverified automated discovery. Query/source: site:myworkdayjobs.com engineering co-op Ontario ""2027"" ""months""",,2026-09-26,2026-09-30,False,Unchanged
Needs confirmation,m.eluta.ca,Electrical Engineering Co Op jobs in ontario | Eluta.ca,Ontario searched; location unverified,,No distance cutoff; commute unverified,Unverified,Unverified,,,"Digital Design Verification Internship (16-Month Co-op) Synopsys, Inc. Mississauga ON ...Electrical Engineering, or a related discipline.","Confirm employer, Ontario location, May 2027+ start, 12/16 months and degree eligibility.",,https://m.eluta.ca/Electrical-Engineering-Co-Op-jobs-in-ontario?q=Electrical+Engineering+Co+Op+sort:post+province_id:9+location:ontario&pg=3,Unverified automated discovery. Query/source: electrical engineering co-op Ontario 2027 12 16 months,,2026-09-23,2026-09-23,False,Newly found
Needs confirmation,macleanengineering.com,Manufacturing Engineering Co-op - MacLean Engineering,Ontario searched; location unverified,,No distance cutoff; commute unverified,Unverified,Unverified,,,"Sep 11, 2026 · APPLY POSITION TITLE: Manufacturing Engineering Co-op Student LOCATION: North Bay, Ontario Salary: $20 to $25 per hour Anticipated Start Date: January 4th, 2027 MacLean Engineering is looking for an energetic Manufacturing Engineering Co-op Student to join our Manufacturing Engineering team in North Bay, ON. This co-op opportunity is ideal for a student looking to gain hands-on experience in a ...","Confirm employer, Ontario location, May 2027+ start, 12/16 months and degree eligibility.",,https://macleanengineering.com/job/manufacturing-engineering-co-op-3/,"Unverified automated discovery. Query/source: ""MacLean Engineering"" engineering co-op internship Ontario 2027",,2026-09-30,2026-09-30,False,Newly found
Needs confirmation,martinrea.prevueaps.com,"Engineering Co-op Student - Mississauga, ON - Martinrea ...",Ontario searched; location unverified,,No distance cutoff; commute unverified,Unverified,Unverified,,,"Apr 5, 2026 · Martinrea International Inc. is a diversified and global automotive supplier engaged in developing and manufacturing highly engineered, value-add","Confirm employer, Ontario location, May 2027+ start, 12/16 months and degree eligibility.",,https://martinrea.prevueaps.com/jobs/328625.html,"Unverified automated discovery. Query/source: ""Martinrea"" engineering co-op internship Ontario 2027",,2026-09-23,2026-09-23,False,Newly found
Needs confirmation,martinrea.prevueaps.com,"Project Engineering Co-op Student - Mississauga, ON",Ontario searched; location unverified,,No distance cutoff; commute unverified,Unverified,Unverified,,,"Martinrea is a diversified global automotive supplier engaged in the design, development and manufacturing of metal parts, assemblies and modules, complex fluid management syst","Confirm employer, Ontario location, May 2027+ start, 12/16 months and degree eligibility.",,https://martinrea.prevueaps.com/jobs/238566.html,"Unverified automated discovery. Query/source: ""Martinrea"" engineering co-op internship Ontario 2027",,2026-09-23,2026-09-23,False,Newly found
Needs confirmation,mycareer.lincolnu.edu,Engineering Co-Op: Spring 2027 – Career Services | Lincoln ...,Ontario searched; location unverified,,No distance cutoff; commute unverified,Unverified,Unverified,,,"With Project Management at Safran you will get real world understanding of how products and projects come to life, leveraging the strength of the team and how to manage risks and budget along the way.","Confirm employer, Ontario location, May 2027+ start, 12/16 months and degree eligibility.",,https://mycareer.lincolnu.edu/jobs/safran-electrical-power-engineering-co-op-spring-2027/,"Unverified automated discovery. Query/source: ""Safran"" engineering co-op internship Ontario 2027",,2026-09-26,2026-09-26,False,Newly found
Needs confirmation,nuclearjobscanada.ca,Engineering Intern at Westinghouse Electric Company,Ontario searched; location unverified,,No distance cutoff; commute unverified,Unverified,Unverified,,,"Starting May 2027 for a duration of 8 months. You will report to the Director, CANDU Engineering & Tooling and be located at Burlington, Ontario, facility.","Confirm employer, Ontario location, May 2027+ start, 12/16 months and degree eligibility.",,https://nuclearjobscanada.ca/jobs/685651263-engineering-intern,"Unverified automated discovery. Query/source: mechatronics intern Ontario ""May 2027""",,2026-09-30,2026-09-30,False,Newly found
Needs confirmation,nuclearjobscanada.ca,Engineering Intern at Westinghouse Electric Company - Nuclear ...,Ontario searched; location unverified,,No distance cutoff; commute unverified,Unverified,Unverified,,,"Starting May 2027 for a duration of 8 months. You will report to the Director, CANDU Engineering & Tooling and be located at Burlington, Ontario, facility. This is a hybrid role. We expect employees working in hybrid roles to work onsite at our Burlington office 2 days per week.","Confirm employer, Ontario location, May 2027+ start, 12/16 months and degree eligibility.",,https://nuclearjobscanada.ca/jobs/724238914-engineering-intern,"Unverified automated discovery. Query/source: nuclear energy intern Ontario ""May 2027""",,2026-09-26,2026-09-26,False,Newly found
Needs confirmation,ouinfo.ca,Mechatronics Engineering (Co-op Available) | OUInfo,Ontario searched; location unverified,,No distance cutoff; commute unverified,Unverified,Unverified,,,"June 8, 2026 - We anticipate that the majority of decisions will be made between February and the end of May 2027, based on application processing timeframes and timelines for evaluating non-academic requirements.","Confirm employer, Ontario location, May 2027+ start, 12/16 months and degree eligibility.",,https://ouinfo.ca/programs/str/,Unverified automated discovery. Query/source: mechatronics engineering co-op Ontario 2027 12 16 months,,2026-09-23,2026-09-23,False,Newly found
Needs confirmation,pepjobs.mypepsico.com,Students at PepsiCo,Ontario searched; location unverified,,No distance cutoff; commute unverified,Unverified,Unverified,,,"Learn, develop, grow at PepsiCo Internship & programs Around the world, PepsiCo has structured internship and co-op programs for students in a range of disciplines — from finance and marketing to engineering and food science. Learn more New grad & early talent opportunities Looking for foundational career moves that develop your skills?","Confirm employer, Ontario location, May 2027+ start, 12/16 months and degree eligibility.",,https://pepjobs.mypepsico.com/students,"Unverified automated discovery. Query/source: ""PepsiCo"" engineering co-op internship Ontario 2027",,2026-09-26,2026-09-30,False,Changed
Needs confirmation,prosple.com,2027 Engineering Intern () at Trane Technologies - Prosple,Ontario searched; location unverified,,No distance cutoff; commute unverified,Unverified,Unverified,,,"Your Role Here’s what you will be doing: Participate in a 12-week summer internship program with challenging assignments in Product Development, Failure Analysis, Value Engineering, Design, and Verification Testing. Engage in leadership training and gain exposure to senior leaders and networking opportunities within Trane Technologies. Collaborate with teams to execute complex projects and ...","Confirm employer, Ontario location, May 2027+ start, 12/16 months and degree eligibility.",,https://prosple.com/graduate-employers/trane-technologies/jobs-internships/2027-engineering-intern,"Unverified automated discovery. Query/source: ""Trane Technologies"" engineering co-op internship Ontario 2027",,2026-09-26,2026-09-30,False,Changed
Needs confirmation,prosple.com,Indigenous Engineer Intern/co-op () at GHD Canada - Prosple,Ontario searched; location unverified,,No distance cutoff; commute unverified,Unverified,Unverified,,,Apply online for Indigenous Engineer Intern/co-op at GHD Canada & kick start your career with Prosple.,"Confirm employer, Ontario location, May 2027+ start, 12/16 months and degree eligibility.",,https://prosple.com/graduate-employers/ghd-canada/jobs-internships/indigenous-engineer-internco-op-0,"Unverified automated discovery. Query/source: ""GHD"" engineering co-op internship Ontario 2027",,2026-09-26,2026-09-27,False,Unchanged
Needs confirmation,prosple.com,Transportation Engineering Co-op/Intern - Infrastructure ...,Ontario searched; location unverified,,No distance cutoff; commute unverified,Unverified,Unverified,,,Apply online for Transportation Engineering Co-op/Intern - Infrastructure (Summer 2027) at Stantec & kick start your career with Prosple.,"Confirm employer, Ontario location, May 2027+ start, 12/16 months and degree eligibility.",,https://prosple.com/graduate-employers/stantec/jobs-internships/transportation-engineering-co-opintern-infrastructure-summer-2027-0,"Unverified automated discovery. Query/source: ""Stantec"" engineering co-op internship Ontario 2027",,2026-09-26,2026-09-26,False,Newly found
Needs confirmation,prosple.com,Civil Engineering Intern (ASAP) at Dillon Consulting Canada ...,Ontario searched; location unverified,,No distance cutoff; commute unverified,Unverified,Unverified,,,"Mar 15, 2026 · Apply online for Civil Engineering Intern at Dillon Consulting Canada & kick start your career with Prosple.","Confirm employer, Ontario location, May 2027+ start, 12/16 months and degree eligibility.",,https://prosple.com/graduate-employers/dillon-consulting-canada/jobs-internships/civil-engineering-intern,"Unverified automated discovery. Query/source: ""Dillon Consulting"" engineering co-op internship Ontario 2027",,2026-09-26,2026-09-26,False,Newly found
Needs confirmation,prosple.com,StackTeck Systems Internships & Entry-level Jobs,Ontario searched; location unverified,,No distance cutoff; commute unverified,Unverified,Unverified,,,"Exclusive insights on internships and entry-level jobs at StackTeck Systems. Read employee reviews, get interview tips, learn about the organisation & apply for your dream job.","Confirm employer, Ontario location, May 2027+ start, 12/16 months and degree eligibility.",,https://prosple.com/graduate-employers/stackteck-systems,"Unverified automated discovery. Query/source: ""StackTeck"" engineering co-op internship Ontario 2027",,2026-09-23,2026-09-23,False,Newly found
Needs confirmation,prosple.com,[2026] Engineering Internships in the US (562 open now!),Ontario searched; location unverified,,No distance cutoff; commute unverified,Unverified,Unverified,,,"Depending on your preference, internships can range from 3 months to a year at max. If your performance is top-notch and you are nearing the end of your academic year, there might be a possibility for your job to lead to full-time employment prospects.","Confirm employer, Ontario location, May 2027+ start, 12/16 months and degree eligibility.",,https://prosple.com/engineering-internships-usa,"Unverified automated discovery. Query/source: site:prosple.com engineering co-op Ontario ""2027"" ""months""",,2026-09-23,2026-09-23,False,Newly found
Needs confirmation,prosple.com,Intern - Product Engineer (Spring 2027) () at Plexus Corp ...,Ontario searched; location unverified,,No distance cutoff; commute unverified,Unverified,Unverified,,,"Student working toward a Bachelor’s degree in Manufacturing Engineering, Mechanical Engineering, or related field for the entire duration of the internship. Experience in Solidworks, AutoCAD, and Lean Sigma.","Confirm employer, Ontario location, May 2027+ start, 12/16 months and degree eligibility.",,https://prosple.com/graduate-employers/plexus-corp/jobs-internships/intern-product-engineer-spring-2027,"Unverified automated discovery. Query/source: site:prosple.com engineering co-op Ontario ""2027"" ""months""",,2026-09-23,2026-09-23,False,Newly found
Needs confirmation,rbc.wd3.myworkdayjobs.com,Search for Jobs - myworkdayjobs.com,Ontario searched; location unverified,,No distance cutoff; commute unverified,Unverified,Unverified,,,"2027 Capital Markets, Global Equities, AI Engineer (16 Months, Co-op) TORONTO, Ontario, Canada Posted 3 Days Ago R-0000187401","Confirm employer, Ontario location, May 2027+ start, 12/16 months and degree eligibility.",,https://rbc.wd3.myworkdayjobs.com/RBCEARLYTALENT1,"Unverified automated discovery. Query/source: site:myworkdayjobs.com engineering co-op Ontario ""2027"" ""months""",,2026-09-26,2026-09-27,False,Unchanged
Needs confirmation,rocketlabcorp.com,Electrical Engineering Intern Summer 2027 - Rocket Lab,Ontario searched; location unverified,,No distance cutoff; commute unverified,Unverified,Unverified,,,"As a Electrical Engineering Intern based at Rocket Lab’s site in Toronto, Canada, you will have the opportunity to support the Space Systems Division in bringing new reaction wheel and star tracker products to market as well as supporting implementation of new electronics design software.","Confirm employer, Ontario location, May 2027+ start, 12/16 months and degree eligibility.",,https://rocketlabcorp.com/careers/positions/electrical-engineering-intern-summer-2027-toronto-can-7990043003/,"Unverified automated discovery. Query/source: ""Rocket Lab"" engineering co-op internship Ontario 2027",,2026-09-27,2026-09-27,False,Newly found
Needs confirmation,rocketlabcorp.com,Mechanical Engineering Intern Spring 2027 - Rocket Lab,Ontario searched; location unverified,,No distance cutoff; commute unverified,Unverified,Unverified,,,"As a Mechanical Engineering Intern based at Rocket Lab’s site in Toronto, Canada, you will have the opportunity to support the team responsible for the development, test, and maintenance of all mechanical aspects of our reaction wheel and star tracker products.","Confirm employer, Ontario location, May 2027+ start, 12/16 months and degree eligibility.",,https://rocketlabcorp.com/careers/positions/mechanical-engineering-intern-spring-2027-toronto-can-7986368003/,"Unverified automated discovery. Query/source: ""Rocket Lab"" engineering co-op internship Ontario 2027",,2026-09-27,2026-09-27,False,Newly found
Needs confirmation,rockwellautomation.wd1.myworkdayjobs.com,Search for Jobs - myworkdayjobs.com,Ontario searched; location unverified,,No distance cutoff; commute unverified,Unverified,Unverified,,,"Co-op, Manufacturing Engineering Cambridge, Ontario, Canada Posted 11 Days Ago R26-6978","Confirm employer, Ontario location, May 2027+ start, 12/16 months and degree eligibility.",,https://rockwellautomation.wd1.myworkdayjobs.com/External-Rockwell-Automation-Early-Careers,"Unverified automated discovery. Query/source: site:myworkdayjobs.com engineering co-op Ontario ""2027"" ""months""",,2026-09-30,2026-09-30,False,Newly found
Needs confirmation,role.com,2027 Engineering Intern at Trane Technologies | Role,Ontario searched; location unverified,,No distance cutoff; commute unverified,Unverified,Unverified,,,"At Trane Technologies, we value our people and their development. Through our student programs, participants will have an opportunity to interview for our full-time, post-graduate Accelerated Development Program for Engineering or direct hire opportunities.","Confirm employer, Ontario location, May 2027+ start, 12/16 months and degree eligibility.",,https://role.com/jobs/2027-engineering-intern-48871022,"Unverified automated discovery. Query/source: ""Trane Technologies"" engineering co-op internship Ontario 2027",,2026-09-26,2026-09-26,False,Newly found
Needs confirmation,rolesweep.com,2027 Energy Engineering Intern at Trane Technologies ...,Ontario searched; location unverified,,No distance cutoff; commute unverified,Unverified,Unverified,,,"2027 Energy Engineering Intern Trane Technologies · Markham, Ontario Company Trane Technologies Details Company Trane Technologies Location Markham, Ontario Posted Posted 17 Days Ago Salary $0.00 - $0.00 $0.00 - $0.00 Work model on-site All Trane Technologies jobs (1617) → All jobs in Ontario (351) → Description","Confirm employer, Ontario location, May 2027+ start, 12/16 months and degree eligibility.",,https://rolesweep.com/jobs/e17faac2c74f3ec1ff2071a729c500e6-2027-energy-engineering-intern,"Unverified automated discovery. Query/source: ""Trane Technologies"" engineering co-op internship Ontario 2027",,2026-09-30,2026-09-30,False,Newly found
Needs confirmation,scecareer.nau.edu,Engineering Co-Op: Spring 2027 – Career Development | NAU ...,Ontario searched; location unverified,,No distance cutoff; commute unverified,Unverified,Unverified,,,"With Project Management at Safran you will get real world understanding of how products and projects come to life, leveraging the strength of the team and how to manage risks and budget along the way.","Confirm employer, Ontario location, May 2027+ start, 12/16 months and degree eligibility.",,https://scecareer.nau.edu/jobs/safran-electrical-power-engineering-co-op-spring-2027/,"Unverified automated discovery. Query/source: ""Safran"" engineering co-op internship Ontario 2027",,2026-09-26,2026-09-26,False,Newly found
Needs confirmation,stackteck.com,Automation | StackTeck,Ontario searched; location unverified,,No distance cutoff; commute unverified,Unverified,Unverified,,,"We are thrilled to showcase the incredible teamwork and dedication of our talented co-op students at StackTeck Automation! Working side by side with our industry experts, these future leaders are actively contributing to shaping the future of IML at StackTeck year-round.","Confirm employer, Ontario location, May 2027+ start, 12/16 months and degree eligibility.",,https://stackteck.com/careers/automation/,"Unverified automated discovery. Query/source: ""StackTeck"" engineering co-op internship Ontario 2027",,2026-09-23,2026-09-26,False,Unchanged
Needs confirmation,startup.jobs,"Mechanical Engineering Intern (Summer/May 2027, 16 Months)",Ontario searched; location unverified,,No distance cutoff; commute unverified,2027-05 (indexed title; unverified),16 Months (indexed title),,,"Apply now for Mechanical Engineering Intern (Summer/May 2027, 16 Months) job at Internship List in Oakville, Canada. ––– Who we are: Geotab ® is a global le...","Confirm employer, Ontario location, May 2027+ start, 12/16 months and degree eligibility.",,https://startup.jobs/mechanical-engineering-intern-summer-may-2027-16-months-internship-list-9868065,"Unverified automated discovery. Query/source: mechanical intern Ontario ""May 2027""",,2026-09-23,2026-09-26,False,Changed
Needs confirmation,talentegg.ca,Engineering Career Guide - TalentEgg,Ontario searched; location unverified,,No distance cutoff; commute unverified,Unverified,Unverified,,,"Engineering Career Guide Engineering is an exciting industry with a multitude of career opportunities. Use this guide to learn more about the industry, and how to hatch a student or entry-level engineering career.","Confirm employer, Ontario location, May 2027+ start, 12/16 months and degree eligibility.",,https://talentegg.ca/career-guides/engineering,"Unverified automated discovery. Query/source: site:talentegg.ca engineering co-op Ontario ""2027"" ""months""",,2026-09-30,2026-09-30,False,Newly found
Needs confirmation,talentegg.ca,Jobs in Ontario - talentegg.ca,Ontario searched; location unverified,,No distance cutoff; commute unverified,Unverified,Unverified,,,Co-op Jobs Early Career Jobs Entry Level Jobs Full Time Jobs Internships Part Time Jobs Work While Studying Summer Jobs Job Industries Accounting Administration Agriculture Automotive Aviation Banking & Finance Biotechnology Business Construction Consulting Consumer Packaged Goods Creative Customer Service Education Engineering Media ...,"Confirm employer, Ontario location, May 2027+ start, 12/16 months and degree eligibility.",,"https://talentegg.ca/find-a-job/province/ontario/role/co-op,entry-level?page=29","Unverified automated discovery. Query/source: site:talentegg.ca engineering co-op Ontario ""2027"" ""months""",,2026-09-23,2026-09-23,False,Newly found
Needs confirmation,talentegg.ca,"Jobs in Toronto, ON",Ontario searched; location unverified,,No distance cutoff; commute unverified,Unverified,Unverified,,,Co-op Jobs Early Career Jobs Entry Level Jobs Full Time Jobs Internships Part Time Jobs Work While Studying Summer Jobs Job Industries Accounting Administration Agriculture Automotive Aviation Banking & Finance Biotechnology Business Construction Consulting Consumer Packaged Goods Creative Customer Service Education Engineering Media ...,"Confirm employer, Ontario location, May 2027+ start, 12/16 months and degree eligibility.",,https://talentegg.ca/find-a-job/province/ontario/city/toronto/role/co-op/page/1?page=1,"Unverified automated discovery. Query/source: site:talentegg.ca engineering co-op Ontario ""2027"" ""months""",,2026-09-23,2026-09-23,False,Newly found
Needs confirmation,tmmc.ca,Toyota Canada Careers | TMMC Inc.,Ontario searched; location unverified,,No distance cutoff; commute unverified,Unverified,Unverified,,,"Our engineering co-op students are involved in troubleshooting day-to-day manufacturing problems and continuously improving existing manufacturing processes with an emphasis on safety, quality, productivity and cost, to achieve lean manufacturing.","Confirm employer, Ontario location, May 2027+ start, 12/16 months and degree eligibility.",,https://tmmc.ca/en/navigate-your-career/,"Unverified automated discovery. Query/source: ""Toyota Motor Manufacturing Canada"" engineering co-op internship Ontario 2027",,2026-09-23,2026-09-23,False,Newly found
Needs confirmation,toronto.ca.expertini.com,"R&D Engineering Co-op — Stryker Corporation, toronto (Hiring ...",Ontario searched; location unverified,,No distance cutoff; commute unverified,Unverified,Unverified,,,"Stryker Corporation is hiring a R&D Engineering Co-op in toronto, Canada. View requirements, salary & apply today on Expertini. Boost your application with FREE Resume Score™ & AI Interview Practice. Posted 2 days ago.","Confirm employer, Ontario location, May 2027+ start, 12/16 months and degree eligibility.",,https://toronto.ca.expertini.com/job/rd-engineering-co-op-toronto-stryker-corporation-291-10020043/,"Unverified automated discovery. Query/source: ""Stryker"" engineering co-op internship Ontario 2027",,2026-09-26,2026-09-26,False,Newly found
Needs confirmation,tranetechnologies.wd12.myworkdayjobs.com,2027 Engineering Intern,Ontario searched; location unverified,,No distance cutoff; commute unverified,Unverified,Unverified,,,"Where is the work: On-Site (5 days) Trane Technologies’ early career student program internships provide current college students with challenging assignments, leadership training, valuable exposure to our company's senior leaders and opportunities to network.","Confirm employer, Ontario location, May 2027+ start, 12/16 months and degree eligibility.",,https://tranetechnologies.wd12.myworkdayjobs.com/en-US/Trane_Technologies_Careers/job/XMLNAME-2027-Engineering-Intern_JR-7590-1,"Unverified automated discovery. Query/source: ""Trane Technologies"" engineering co-op internship Ontario 2027",,2026-09-30,2026-09-30,False,Newly found
Needs confirmation,uwaterloo.ca,Co-op students drive manufacturing innovation at Toyota,Ontario searched; location unverified,,No distance cutoff; commute unverified,Unverified,Unverified,,,"Apr 8, 2026 · From quality engineering to mass production, Waterloo co-op students help advance efficiency and continuous improvement across the automotive giant's operations. At Toyota Motor Manufacturing Canada (TMMC), innovation doesn’t start and end in a lab — it happens every day on the manufacturing floor.","Confirm employer, Ontario location, May 2027+ start, 12/16 months and degree eligibility.",,https://uwaterloo.ca/news/co-op-students-drive-manufacturing-innovation-toyota,"Unverified automated discovery. Query/source: ""Toyota Motor Manufacturing Canada"" engineering co-op internship Ontario 2027",,2026-09-26,2026-09-26,False,Newly found
Needs confirmation,workopia.io,2027 Co-op – Manufacturing Industrial Engineering at gmoshawa.ca | Workopia,Ontario searched; location unverified,,No distance cutoff; commute unverified,Unverified,Unverified,,,Job Description The Role: We are seeking Industrial Engineer Co-ops to do hands-on work that would potentially add directly to the bottom line of our culture a…,"Confirm employer, Ontario location, May 2027+ start, 12/16 months and degree eligibility.",,https://workopia.io/jobs/871c1b99fb3bf069a0f9d274b8a33ace,Unverified automated discovery. Query/source: industrial manufacturing engineering co-op Ontario 2027 12 16 months,,2026-09-23,2026-09-29,False,Unchanged
Needs confirmation,www.agcareers.com,Cargill (Intern Account) Jobs and Careers - AgCareers.com,Ontario searched; location unverified,,No distance cutoff; commute unverified,Unverified,Unverified,,,"Engineer Intern 2027 - Multiple U.S Locations 08/05/26. Minneapolis, MN, Midwest United States, USA. Engineer Full Time May 2027 - Multiple U.S. Locations 08 ...","Confirm employer, Ontario location, May 2027+ start, 12/16 months and degree eligibility.",,https://www.agcareers.com/cargill-intern-account-company-115986.cfm,"Unverified automated discovery. Query/source: mechatronics intern Ontario ""May 2027""",,2026-09-30,2026-09-30,False,Newly found
Needs confirmation,www.algonquincollege.com,Mechanical Engineering Technology (Co-op and Non Co-op Version) - School of Advanced Technology,Ontario searched; location unverified,,No distance cutoff; commute unverified,Unverified,Unverified,,,"September 4, 2025 - Learn engineering design - Offer solutions as a mechanical engineering technologist. The three-year Mechanical Engineering Technology Ontario College Advanced Diploma program teaches you to apply scientific and engineering principles to solve ...","Confirm employer, Ontario location, May 2027+ start, 12/16 months and degree eligibility.",,https://www.algonquincollege.com/sat/program/mechanical-engineering-technology/,Unverified automated discovery. Query/source: mechanical engineering co-op Ontario 2027 12 16 months,,2026-09-23,2026-09-23,False,Newly found
Needs confirmation,www.algonquincollege.com,Electrical Engineering Technician (Co-op and Non Co-op Version) - Algonquin Centre for Construction Excellence,Ontario searched; location unverified,,No distance cutoff; commute unverified,Unverified,Unverified,,,"September 3, 2025 - Develop skills in the design, installation, maintenance and repair of electrical systems from residential wiring and machinery to robotics, programming, communication and control systems.","Confirm employer, Ontario location, May 2027+ start, 12/16 months and degree eligibility.",,https://www.algonquincollege.com/acce/program/electrical-engineering-technician/,Unverified automated discovery. Query/source: electrical engineering co-op Ontario 2027 12 16 months,,2026-09-23,2026-09-23,False,Newly found
Needs confirmation,www.algonquincollege.com,Electrical Engineering Technology (Co-op and Non Co-op Version) - Algonquin Centre for Construction Excellence,Ontario searched; location unverified,,No distance cutoff; commute unverified,Unverified,Unverified,,,"June 22, 2026 - Sept 2026 - Aug 2027 · Admissions Next Steps · Ontario Secondary School Diploma (OSSD) or equivalent; Mature Student status (19 years of age or older and without a high school diploma at the start of the program). Eligibility may be determined by academic achievement testing, for which a fee will be charged. English, Grade 12 (ENG4C or equivalent).","Confirm employer, Ontario location, May 2027+ start, 12/16 months and degree eligibility.",,https://www.algonquincollege.com/acce/program/electrical-engineering-technology/,Unverified automated discovery. Query/source: electrical engineering co-op Ontario 2027 12 16 months,,2026-09-23,2026-09-23,False,Newly found
Needs confirmation,www.algonquincollege.com,Civil Engineering Technology (Co-op and Non Co-op Version) - Algonquin Centre for Construction Excellence,Ontario searched; location unverified,,No distance cutoff; commute unverified,Unverified,Unverified,,,"June 22, 2026 - Sept 2026 - Aug 2027 · Admissions Next Steps · Ontario Secondary School Diploma (OSSD) or equivalent; Mature Student status (19 years of age or older and without a high school diploma at the start of the program). Eligibility may be determined by academic achievement testing, for which a fee will be charged. English, Grade 12 (ENG4C or equivalent).","Confirm employer, Ontario location, May 2027+ start, 12/16 months and degree eligibility.",,https://www.algonquincollege.com/acce/program/civil-engineering-technology/,Unverified automated discovery. Query/source: civil structural engineering co-op Ontario 2027 12 16 months,,2026-09-23,2026-09-23,False,Newly found
Needs confirmation,www.bosch-engineering.com,College students and school leavers | Bosch EngineeringCareers at BoschCareer opportunities - Bosch Global,Ontario searched; location unverified,,No distance cutoff; commute unverified,Unverified,Unverified,,,"Gain initial practical experience alongside your academic course and familiarize yourself with day-to-day business at Bosch Engineering. Gather initial practical experience in an engineering or commercial area of the company over a maximum of 15 hours per week while the semester is ongoing. Explore exciting career opportunities at Bosch. Find your perfect fit by location, job fields, roles, and more. Join our team! Discover diverse career paths at Bosch through internships, trainee programs, entry positions and many more for the perfect start and development of your professional career.","Confirm employer, Ontario location, May 2027+ start, 12/16 months and degree eligibility.",,https://www.bosch-engineering.com/career/students-and-pupils/,"Unverified automated discovery. Query/source: ""Bosch"" engineering co-op internship Ontario 2027",,2026-09-26,2026-09-26,False,Newly found
Needs confirmation,www.careerjet.ca,Sustainable Development Intern Jobs in Canada | Careerjet,Ontario searched; location unverified,,No distance cutoff; commute unverified,Unverified,Unverified,,,"Analyst, Corporate Development - Winter 2027 Co-op/Intern - Toronto ... Role Type: Internship/Co-op ... Electronics Intern – Production Engineering · ABB. Quebec ...","Confirm employer, Ontario location, May 2027+ start, 12/16 months and degree eligibility.",,https://www.careerjet.ca/sustainable-development-intern-jobs,"Unverified automated discovery. Query/source: ""ABB"" engineering co-op internship Ontario 2027",,2026-09-30,2026-09-30,False,Newly found
Needs confirmation,www.cidsaa.com,Opportunities - CIDSA,Ontario searched; location unverified,,No distance cutoff; commute unverified,Unverified,Unverified,,,"Feb 9, 2026 · Mold Masters is excited to engage a CAD Automation Intern to join our Global Engineering Services team. This internship offers undergraduate students an excellent opportunity to develop skills in CAD automation, streamline design workflows, and contribute to innovative engineering projects.","Confirm employer, Ontario location, May 2027+ start, 12/16 months and degree eligibility.",,https://www.cidsaa.com/opportunities,"Unverified automated discovery. Query/source: ""Mold-Masters"" engineering co-op internship Ontario 2027",,2026-09-26,2026-09-26,False,Newly found
Needs confirmation,www.collinsaerospace.com,Collins Aerospace,Ontario searched; location unverified,,No distance cutoff; commute unverified,Unverified,Unverified,,,"Explore internships and co-op programs designed to offer emerging professionals hands-on experience in the dynamic aerospace and defense industry. By joining us, you'll not only gain invaluable real-world experience but also set the stage for a meaningful and impactful career.","Confirm employer, Ontario location, May 2027+ start, 12/16 months and degree eligibility.",,https://www.collinsaerospace.com/careers,"Unverified automated discovery. Query/source: ""Collins Aerospace"" engineering co-op internship Ontario 2027",,2026-09-26,2026-09-26,False,Newly found
Needs confirmation,www.collinsengr.com,Internships | Collins Engineers,Ontario searched; location unverified,,No distance cutoff; commute unverified,Unverified,Unverified,,,"Full-time civil and structural engineering internships are available during the summer at various regional office locations. In addition, a number of part-time positions are offered during the school year.","Confirm employer, Ontario location, May 2027+ start, 12/16 months and degree eligibility.",,https://www.collinsengr.com/intern/,"Unverified automated discovery. Query/source: ""Collins Aerospace"" engineering co-op internship Ontario 2027",,2026-09-26,2026-09-26,False,Newly found
Needs confirmation,www.conestogac.on.ca,Civil Engineering Technician (Optional Co-op) | Full-time | Diploma,Ontario searched; location unverified,,No distance cutoff; commute unverified,Unverified,Unverified,,,"This 2-year diploma program may be for you. You will learn how to support the safe and sustainable design and development of communities, highways, municipal infrastructure and systems, and civil structures.","Confirm employer, Ontario location, May 2027+ start, 12/16 months and degree eligibility.",,https://www.conestogac.on.ca/fulltime/civil-engineering-technician,Unverified automated discovery. Query/source: civil structural engineering co-op Ontario 2027 12 16 months,,2026-09-26,2026-09-26,False,Newly found
Needs confirmation,www.eluta.ca,"Student Intern, Materials Engineering Lab / Celestica | Eluta.ca",Ontario searched; location unverified,,No distance cutoff; commute unverified,Unverified,Unverified,,,"Area: Materials Engineering Lab. Start Date: May 2027. Location: 213 Harry Walker Parkway South, Newmarket (100% on site, no remote / no hybrid work).","Confirm employer, Ontario location, May 2027+ start, 12/16 months and degree eligibility.",,https://www.eluta.ca/spl/student-intern-materials-engineering-lab-6b05753e7f1d478d54ab885af1a060d5,"Unverified automated discovery. Query/source: materials intern Ontario ""May 2027""",,2026-09-30,2026-09-30,False,Newly found
Needs confirmation,www.eluta.ca,Automation Co-op Student / StackTeck Systems Limited | Eluta.ca,Ontario searched; location unverified,,No distance cutoff; commute unverified,Unverified,Unverified,,,"SUMMARY: StackTeck has an Automation business located in Vaughan, Ontario. We design and make custom industrial automation systems, specializing in the injection molding industry.","Confirm employer, Ontario location, May 2027+ start, 12/16 months and degree eligibility.",,https://www.eluta.ca/spl/automation-co-op-student-b308285c328141b7b05d2a3c72221f49,"Unverified automated discovery. Query/source: ""StackTeck"" engineering co-op internship Ontario 2027",,2026-09-23,2026-09-26,False,Unchanged
Needs confirmation,www.eluta.ca,College Co-Op Student - Area Distribution Engineering ...,Ontario searched; location unverified,,No distance cutoff; commute unverified,Unverified,Unverified,,,"Upon completion of the 4-month term you will have a solid understanding of the Area Distribution Engineering Technician role and function within Hydro One Networks Inc. You will have been exposed to various methods, procedures, processes, equipment, and programs that assist the technical group in completing their day to day work.","Confirm employer, Ontario location, May 2027+ start, 12/16 months and degree eligibility.",,https://www.eluta.ca/spl/college-co-op-student-area-distribution-engineering-technician-4-months-winter2027-bowmanville-afb925d4eda31135bcb54cbefec79f89,"Unverified automated discovery. Query/source: site:eluta.ca engineering co-op Ontario ""2027"" ""months""",,2026-09-26,2026-09-26,False,Newly found
Needs confirmation,www.eluta.ca,Electrical Engineering Co Op jobs in ontario | Eluta.ca,Ontario searched; location unverified,,No distance cutoff; commute unverified,Unverified,Unverified,,,"68 Electrical Engineering Co Op jobs in ontario on Eluta.ca - Search high quality jobs, direct from employer websites.","Confirm employer, Ontario location, May 2027+ start, 12/16 months and degree eligibility.",,https://www.eluta.ca/Electrical-Engineering-Co-Op-jobs-in-ontario,Unverified automated discovery. Query/source: electrical engineering co-op Ontario 2027 12 16 months,,2026-09-23,2026-09-23,False,Newly found
Needs confirmation,www.engineeringcareers.ca,Quality Engineering Support (Co-op) job with S&C Electric ...,Ontario searched; location unverified,,No distance cutoff; commute unverified,Unverified,Unverified,,,"Sep 12, 2026 · Is in a registered co-op program and available for an 8-month co-op placement starting in the Winter 2027 work term. Has a key interest in ...","Confirm employer, Ontario location, May 2027+ start, 12/16 months and degree eligibility.",,https://www.engineeringcareers.ca/job/2084214/quality-engineering-support-co-op-/,Unverified automated discovery. Query/source: quality reliability engineering co-op Ontario 2027 12 16 months,,2026-09-23,2026-09-30,False,Unchanged
Needs confirmation,www.engineeringcareers.ca,Process Engineering Student - Conventional job with Canadian ...,Ontario searched; location unverified,,No distance cutoff; commute unverified,Unverified,Unverified,,,"Aug 18, 2026 · Term starts: May 2027; Safety sensitive position: Yes. Key Accountabilities: Apply engineering principles to develop solutions for the ...","Confirm employer, Ontario location, May 2027+ start, 12/16 months and degree eligibility.",,https://www.engineeringcareers.ca/job/2077165/process-engineering-student-conventional/,"Unverified automated discovery. Query/source: mechatronics intern Ontario ""May 2027""",,2026-09-30,2026-09-30,False,Newly found
Needs confirmation,www.engineeringcareers.ca,"Intern, Mechanical Engineering - Winter 2027 job with WSP",Ontario searched; location unverified,,No distance cutoff; commute unverified,Unverified,Unverified,,,"Aug 28, 2026 · The duration of the co-op can be either 8,12 or 16 months. Your Impact Contribute to mechanical system designs that support safe, efficient, ...","Confirm employer, Ontario location, May 2027+ start, 12/16 months and degree eligibility.",,https://www.engineeringcareers.ca/job/2079553/intern-mechanical-engineering-winter-2027/,Unverified automated discovery. Query/source: design systems engineering co-op Ontario 2027 12 16 months,,2026-09-23,2026-09-23,False,Newly found
Needs confirmation,www.extern.com,Magna Internship 2027–2028: Programs & How to Apply | Extern,Ontario searched; location unverified,,No distance cutoff; commute unverified,Unverified,Unverified,,,"3 days ago · Your guide to Magna internships and co-ops for 2027-2028: mechanical, manufacturing, and software tracks, real pay, rolling deadlines, and how to apply.","Confirm employer, Ontario location, May 2027+ start, 12/16 months and degree eligibility.",,https://www.extern.com/post/magna-internship-guide,"Unverified automated discovery. Query/source: ""Magna divisions"" engineering co-op internship Ontario 2027",,2026-09-23,2026-09-23,False,Newly found
Needs confirmation,www.fanshawec.ca,Manufacturing Engineering Technician (Co-op) | Fanshawe College,Ontario searched; location unverified,,No distance cutoff; commute unverified,Unverified,Unverified,,,"January 21, 2026 - Manufacturing Engineering Technician is a two-year Ontario College Diploma program with a paid co-op component. Students will start the program by examining numerically controlled machine programming, tool design, production planning, statistical process control, value engineering, advanced ...","Confirm employer, Ontario location, May 2027+ start, 12/16 months and degree eligibility.",,https://www.fanshawec.ca/programs/men1-manufacturing-engineering-technician-co-op/next,Unverified automated discovery. Query/source: industrial manufacturing engineering co-op Ontario 2027 12 16 months,,2026-09-23,2026-09-23,False,Newly found
Needs confirmation,www.gd.com,Co-op Winter 2027 - System of Systems Engineering - 8-16 Months,Ontario searched; location unverified,,No distance cutoff; commute unverified,Unverified,Unverified,,,"Sep 16, 2026 · To be considered for this opportunity, you must be enrolled at a recognized Canadian post-secondary institution and be eligible for a co-op work term during the period specified in the job posting.","Confirm employer, Ontario location, May 2027+ start, 12/16 months and degree eligibility.",,https://www.gd.com/careers/co-op-winter-2027-system-of-systems-engineering-8-16-months-ottawa-on-ca-744000149355000-gdms-opportunity,Unverified automated discovery. Query/source: design systems engineering co-op Ontario 2027 12 16 months,,2026-09-23,2026-09-23,False,Newly found
Needs confirmation,www.glassdoor.ca,Rotech Pumps & Systems hiring Engineering Intern (16 months ...,Ontario searched; location unverified,,No distance cutoff; commute unverified,Unverified,16 months (indexed title),,,"Rotech works with various industries to provide solutions for all their pumping and fluid handling needs. Rotech Pumps is currently looking for an intern 16 month) that will be exposed to work and improve their technical knowledge, as well as getting exposure working with various stakeholders.","Confirm employer, Ontario location, May 2027+ start, 12/16 months and degree eligibility.",,"https://www.glassdoor.ca/job-listing/engineering-intern-16-months-rotech-pumps-systems-JV_IC2280741_KO0,28_KE29,49.htm?jl=1010101304370","Unverified automated discovery. Query/source: ""Rotech"" engineering co-op internship Ontario 2027",,2026-09-30,2026-09-30,False,Newly found
Needs confirmation,www.glassdoor.ca,Johnson Electric hiring Engineering Co-op – Mechanical / Materials / Mechatronics (16 Months) Job in Canada,Ontario searched; location unverified,,No distance cutoff; commute unverified,Unverified,16 Months (indexed title),,,"February 24, 2026 - Find your work people at the new home for workplace conversation. Search millions of jobs, salaries and company reviews and chat anonymously about worklife.","Confirm employer, Ontario location, May 2027+ start, 12/16 months and degree eligibility.",,"https://www.glassdoor.ca/job-listing/engineering-co-op-–-mechanical-materials-mechatronics-16-months-johnson-electric-JV_KO0,63_KE64,80.htm?jl=1010042326278",Unverified automated discovery. Query/source: materials engineering co-op Ontario 2027 12 16 months,,2026-09-24,2026-09-29,False,Unchanged
Needs confirmation,www.glassdoor.ca,Linamar Engineering Internship jobs | Glassdoor,Ontario searched; location unverified,,No distance cutoff; commute unverified,Unverified,Unverified,,,"12 Linamar Engineering Internship jobs. Search job openings, see if they fit - company salaries, reviews, and more posted by Linamar employees.","Confirm employer, Ontario location, May 2027+ start, 12/16 months and degree eligibility.",,"https://www.glassdoor.ca/Jobs/Linamar-Engineering-internship-Jobs-EI_IE6979.0,7_KO8,30.htm","Unverified automated discovery. Query/source: ""Linamar"" engineering co-op internship Ontario 2027",,2026-09-27,2026-09-27,False,Newly found
Needs confirmation,www.glassdoor.com,Linamar Corp hiring Co-Op Student - Engineering Job in Guelph ...,Ontario searched; location unverified,,No distance cutoff; commute unverified,Unverified,Unverified,,,"Assist in maintaining balance between customer, employee and financial satisfaction by maximizing facility/department Performance Indicators to align to Linamar’s Stepping Stool of Success Strategy.","Confirm employer, Ontario location, May 2027+ start, 12/16 months and degree eligibility.",,"https://www.glassdoor.com/job-listing/co-op-student-engineering-linamar-corp-JV_IC2282814_KO0,25_KE26,38.htm?jl=1009094003305","Unverified automated discovery. Query/source: ""Linamar"" engineering co-op internship Ontario 2027",,2026-09-27,2026-09-27,False,Newly found
Needs confirmation,www.honda.ca,Careers at Honda,Ontario searched; location unverified,,No distance cutoff; commute unverified,Unverified,Unverified,,,"We invite you to follow your own dreams and explore the career opportunities at Honda today. Honda Canada internships, programs and manufacturing co-op placement information.","Confirm employer, Ontario location, May 2027+ start, 12/16 months and degree eligibility.",,https://www.honda.ca//careers,"Unverified automated discovery. Query/source: ""Honda of Canada Manufacturing"" engineering co-op internship Ontario 2027",,2026-09-27,2026-09-27,False,Newly found
Needs confirmation,www.internships.com,"2027 Industrial Engineering Internships — 1,200+ available ...",Ontario searched; location unverified,,No distance cutoff; commute unverified,Unverified,Unverified,,,"Explore 1,207 Industrial Engineering internships for Summer 2027. See your fit for every role, tailor your resume, and apply to more — all in one place.","Confirm employer, Ontario location, May 2027+ start, 12/16 months and degree eligibility.",,https://www.internships.com/browse/industrial-engineering,"Unverified automated discovery. Query/source: industrial manufacturing intern Ontario ""May 2027""",,2026-09-30,2026-09-30,False,Newly found
Needs confirmation,www.internships.com,Industrial Engineering Co-op Placement 2027 at Stryker ...,Ontario searched; location unverified,,No distance cutoff; commute unverified,Unverified,Unverified,,,"We tailor your resume and cover letter to this posting, then apply to Stryker for you.","Confirm employer, Ontario location, May 2027+ start, 12/16 months and degree eligibility.",,https://www.internships.com/posting/industrial-engineering-co-op-placement-2027-stryker-1020910105,"Unverified automated discovery. Query/source: ""Stryker"" engineering co-op internship Ontario 2027",,2026-09-26,2026-09-26,False,Newly found
Needs confirmation,www.jobillico.com,Co-op Engineering Student Job Details | Aecon,Ontario searched; location unverified,,No distance cutoff; commute unverified,Unverified,Unverified,,,Aecon has several openings within the Civil West division for Engineering Co-op students. These positions will provide the opportunity to take an active involvement in exciting heavy civil projects and provide opportunities for learning and development.,"Confirm employer, Ontario location, May 2027+ start, 12/16 months and degree eligibility.",,https://www.jobillico.com/en/job-offer/aecon-group-inclXddLu/co-op-engineering-student-job-details-aecon/17196895,"Unverified automated discovery. Query/source: ""Aecon"" engineering co-op internship Ontario 2027",,2026-09-26,2026-09-27,False,Unchanged
Needs confirmation,www.jobillico.com,"Job postings | Student Engineer, Production | North York ...",Ontario searched; location unverified,,No distance cutoff; commute unverified,Unverified,Unverified,,,"Job Requirements Education Must be enrolled in a recognized post-secondary Co-op education program. Preferred Programs: Mechanical Engineering, Chemical Engineering, Industrial Engineering, or a related technical field. Knowledge, Skills and Abilities Ability to work within a team environment (as part of a team).","Confirm employer, Ontario location, May 2027+ start, 12/16 months and degree eligibility.",,https://www.jobillico.com/en/job-offer/apotexiGlwRx/student-engineer-production/17563626,"Unverified automated discovery. Query/source: ""Apotex"" engineering co-op internship Ontario 2027",,2026-09-26,2026-09-26,False,Newly found
Needs confirmation,www.jobillico.com,Job postings | University Co-Op Student-Equipment Engineering ...,Ontario searched; location unverified,,No distance cutoff; commute unverified,Unverified,Unverified,,,"Job postings: University Co-Op Student-Equipment Engineering and Transmission Asset Planning-12 Months-Winter 2027 at Hydro One Networks inc., Toronto, Ontario","Confirm employer, Ontario location, May 2027+ start, 12/16 months and degree eligibility.",,https://www.jobillico.com/en/job-offer/hydro-one-networks-incdCflAv/university-co-op-student-equipment-engineering-and-transmission-asset-planning-12-months-winter-2027/17545200,"Unverified automated discovery. Query/source: ""Hydro One"" engineering co-op internship Ontario 2027",,2026-09-26,2026-09-26,False,Newly found
Needs confirmation,www.jobillico.com,"Co-op Student, Engineering Job Details | Aecon",Ontario searched; location unverified,,No distance cutoff; commute unverified,Unverified,Unverified,,,"Aecon has openings within the Foundations division for Engineering Co-op students. These positions will provide the opportunity to take an active involvement in exciting heavy civil projects and provide opportunities for learning and development. This is a site-based position and will include exposure to the day to day management of project construction, resource allocation, scheduling and ...","Confirm employer, Ontario location, May 2027+ start, 12/16 months and degree eligibility.",,https://www.jobillico.com/en/job-offer/aecon-group-inclXddLu/co-op-student-engineering-job-details-aecon/17546031,"Unverified automated discovery. Query/source: ""Aecon"" engineering co-op internship Ontario 2027",,2026-09-26,2026-09-26,False,Newly found
Needs confirmation,www.jobillico.com,Summer 2027 Long Term Software Engineering Intern/Co-op,Ontario searched; location unverified,,No distance cutoff; commute unverified,Unverified,Unverified,,,"12 Months: May 03, 2027 to April 21, 2028 16 Months: May 03, 2027 to August 18, 2028 WHAT YOU WILL BE DOING: We are seeking highly motivated Software Engineering intern/co-op to join our team at AMD. In this role We will assign you responsibilities in which you will work closely with our software engineers to build and maintain our software ...","Confirm employer, Ontario location, May 2027+ start, 12/16 months and degree eligibility.",,https://www.jobillico.com/en/job-offer/advanced-micro-devices-inckIvlOh/summer-2027-long-term-software-engineering-intern-co-op/17491209,"Unverified automated discovery. Query/source: ""AMD"" engineering co-op internship Ontario 2027",,2026-09-23,2026-09-23,False,Newly found
Needs confirmation,www.jobs.ca,Manufacturing & Engineering Technical Co-Op - May 2027 Start,Ontario searched; location unverified,,No distance cutoff; commute unverified,2027-05 (indexed title; unverified),Unverified,,,"Sep 11, 2026 · Manufacturing & Engineering Technical Co-Op - May 2027 Start at Procter & Gamble in Belleville, ON. Salary: $5K/mo.","Confirm employer, Ontario location, May 2027+ start, 12/16 months and degree eligibility.",,https://www.jobs.ca/pgbpgnglobal/jobs/manufacturing-engineering-technical-co-op-may-2027-start-belleville-on-28ebbef301f9,"Unverified automated discovery. Query/source: chemical process intern Ontario ""May 2027""",,2026-09-30,2026-09-30,False,Newly found
Needs confirmation,www.joinrs.com,Unilever Global: Factory Engineering Co-op Rexdale Ontario ...,Ontario searched; location unverified,,No distance cutoff; commute unverified,Unverified,Unverified,,,"This is a 4 or 8-month internship and is based out of our Dressing’s factory in Rexdale, Ontario (195 Belfield Rd, Etobicoke, ON, M9W 1G8). A better business. A better world. A better you. At Unilever...","Confirm employer, Ontario location, May 2027+ start, 12/16 months and degree eligibility.",,https://www.joinrs.com/job-offers/47640/,"Unverified automated discovery. Query/source: ""Unilever"" engineering co-op internship Ontario 2027",,2026-09-26,2026-09-26,False,Newly found
Needs confirmation,www.jrautomation.com,Internships & Co-ops - JR Automation,Ontario searched; location unverified,,No distance cutoff; commute unverified,Unverified,Unverified,,,"Find internships and co-op opportunities. Gain hands-on experience in automation and robotics, and kickstart your career.","Confirm employer, Ontario location, May 2027+ start, 12/16 months and degree eligibility.",,https://www.jrautomation.com/careers/internships-and-co-ops,Unverified automated discovery. Query/source: automation robotics engineering co-op Ontario 2027 12 16 months,,2026-09-26,2026-09-30,False,Unchanged
Needs confirmation,www.linkedin.com,Trane Technologies hiring 2027 Energy Engineering Intern in ...,Ontario searched; location unverified,,No distance cutoff; commute unverified,Unverified,Unverified,,,"Sep 10, 2026 · 2027 Energy Engineering Intern Trane Technologies Markham, Ontario, Canada 3 days ago Over 200 applicants See who Trane Technologies has hired for this role","Confirm employer, Ontario location, May 2027+ start, 12/16 months and degree eligibility.",,https://www.linkedin.com/jobs/view/4460078423/,"Unverified automated discovery. Query/source: ""Trane Technologies"" engineering co-op internship Ontario 2027",,2026-09-26,2026-09-30,False,Changed
Needs confirmation,www.linkedin.com,Kepler Communications Inc. hiring FPGA Digital Design ...,Ontario searched; location unverified,,No distance cutoff; commute unverified,Unverified,Unverified,,,"FPGA Digital Design Engineering Intern (May 2027) (4-16 months) Kepler Communications Inc. Toronto, Ontario, Canada 2 months ago 29 applicants See who Kepler Communications Inc. has hired for this ...","Confirm employer, Ontario location, May 2027+ start, 12/16 months and degree eligibility.",,https://www.linkedin.com/jobs/view/4441045555/,"Unverified automated discovery. Query/source: aerospace intern Ontario ""May 2027""",,2026-09-30,2026-09-30,False,Newly found
Needs confirmation,www.linkedin.com,"Aecon Group Inc. hiring Co-op Student, Engineering in Toronto ...",Ontario searched; location unverified,,No distance cutoff; commute unverified,Unverified,Unverified,,,What Is The Opportunity? Aecon has openings within the Foundations division for Engineering Co-op students.,"Confirm employer, Ontario location, May 2027+ start, 12/16 months and degree eligibility.",,https://www.linkedin.com/jobs/view/4354491554/?eBP=NON_CHARGEABLE_CHANNEL,"Unverified automated discovery. Query/source: ""Aecon"" engineering co-op internship Ontario 2027",,2026-09-26,2026-09-27,False,Unchanged
Needs confirmation,www.linkedin.com,GHD hiring Indigenous Engineer Intern/co-op in Toronto ...,Ontario searched; location unverified,,No distance cutoff; commute unverified,Unverified,Unverified,,,"GHD is currently seeking an Intern to work with our groups on projects related to Environment, Transportation, Water, Architecture, and Construction Inspection services. This position is a paid...","Confirm employer, Ontario location, May 2027+ start, 12/16 months and degree eligibility.",,https://www.linkedin.com/jobs/view/4414750870/,"Unverified automated discovery. Query/source: ""GHD"" engineering co-op internship Ontario 2027",,2026-09-26,2026-09-27,False,Unchanged
Needs confirmation,www.linkedin.com,"Civil Engineering Intern | Ontario, CA at IMEG - LinkedIn",Ontario searched; location unverified,,No distance cutoff; commute unverified,Unverified,Unverified,,,"Sep 1, 2026 · Apply for Civil Engineering Intern | Ontario, CA at IMEG in Ontario, CA. Full-time Internship role. See responsibilities, qualifications, and similar jobs on LinkedIn.","Confirm employer, Ontario location, May 2027+ start, 12/16 months and degree eligibility.",,https://www.linkedin.com/jobs/view/civil-engineering-intern-ontario-ca-at-imeg-4460213106,"Unverified automated discovery. Query/source: civil structural intern Ontario ""May 2027""",,2026-09-26,2026-09-26,False,Newly found
Needs confirmation,www.linkedin.com,L3Harris Technologies hiring Specialty Engineering Co-Op ...,Ontario searched; location unverified,,No distance cutoff; commute unverified,Unverified,Unverified,,,3 days ago · You will be working closest with the Reliability and Safety Engineering team on a variety of tasks and initiatives. You will also have the opportunity to support the Integrated Logistics Support...,"Confirm employer, Ontario location, May 2027+ start, 12/16 months and degree eligibility.",,https://www.linkedin.com/jobs/view/4466493145/,"Unverified automated discovery. Query/source: ""L3Harris"" engineering co-op internship Ontario 2027",,2026-09-26,2026-09-26,False,Newly found
Needs confirmation,www.linkedin.com,Design Engineering Intern/Co-Op - Summer 2027 at BWXT ...,Ontario searched; location unverified,,No distance cutoff; commute unverified,Unverified,Unverified,,,"Aug 31, 2026 · Apply for Design Engineering Intern/Co-Op - Summer 2027 at BWXT in Euclid, OH. Volunteer Internship role. See responsibilities, qualifications, and similar jobs on LinkedIn.","Confirm employer, Ontario location, May 2027+ start, 12/16 months and degree eligibility.",,https://www.linkedin.com/jobs/view/design-engineering-intern-co-op-summer-2027-at-bwxt-4459246916,"Unverified automated discovery. Query/source: ""BWXT"" engineering co-op internship Ontario 2027",,2026-09-26,2026-09-26,False,Newly found
Needs confirmation,www.linkedin.com,AtkinsRéalis hiring Rail Infrastructure Co-op Student - Fall ...,Ontario searched; location unverified,,No distance cutoff; commute unverified,Unverified,Unverified,,,Come join us in reshaping the future with AtkinsRéalis. AtkinsRéalis is dedicated in engineering a better future for our planet and its people.,"Confirm employer, Ontario location, May 2027+ start, 12/16 months and degree eligibility.",,https://www.linkedin.com/jobs/view/4440095306/,"Unverified automated discovery. Query/source: ""AtkinsRéalis"" engineering co-op internship Ontario 2027",,2026-09-26,2026-09-26,False,Newly found
Needs confirmation,www.linkedin.com,Design Internship Jobs in Ontario (390 Open Roles) | LinkedIn,Ontario searched; location unverified,,No distance cutoff; commute unverified,Unverified,Unverified,,,"Today's top 390 Design Internship jobs in Ontario. Leverage your professional network, and get hired. New Design Internship jobs added daily.","Confirm employer, Ontario location, May 2027+ start, 12/16 months and degree eligibility.",,https://www.linkedin.com/jobs/design-internship-jobs-ontario,"Unverified automated discovery. Query/source: design systems intern Ontario ""May 2027""",,2026-09-23,2026-09-23,False,Newly found
Needs confirmation,www.mie.utoronto.ca,Mechanical Engineering - Department of Mechanical & Industrial Engineering,Ontario searched; location unverified,,No distance cutoff; commute unverified,Unverified,Unverified,,,"March 31, 2026 - After the third year of study, students are encouraged to participate in the PEY co-op program where they have the opportunity to work full time for 12 to 16 months before returning to their final year of study.","Confirm employer, Ontario location, May 2027+ start, 12/16 months and degree eligibility.",,https://www.mie.utoronto.ca/programs/undergraduate/mechanical-engineering/,Unverified automated discovery. Query/source: mechanical engineering co-op Ontario 2027 12 16 months,,2026-09-23,2026-09-23,False,Newly found
Needs confirmation,www.mie.utoronto.ca,Industrial Engineering - Department of Mechanical & Industrial Engineering,Ontario searched; location unverified,,No distance cutoff; commute unverified,Unverified,Unverified,,,"June 27, 2016 - If you pursue the Professional Experience Year Co-op Program (PEY Co-op), after third year, you’ll have the opportunity to gain full-time, paid work experience for 12 to 16 consecutive months before returning for your final year of study.","Confirm employer, Ontario location, May 2027+ start, 12/16 months and degree eligibility.",,https://www.mie.utoronto.ca/programs/undergraduate/industrial-engineering/,Unverified automated discovery. Query/source: industrial manufacturing engineering co-op Ontario 2027 12 16 months,,2026-09-23,2026-09-23,False,Newly found
Needs confirmation,www.monster.com,2027 Summer Internship Job - Optimax Systems Inc - Ontario ...,Ontario searched; location unverified,,No distance cutoff; commute unverified,Unverified,Unverified,,,"Optimax Systems Inc is hiring a 2027 Summer Internship job in Ontario, NY. Build your resume and apply today at Monster. Posted 11 days ago.","Confirm employer, Ontario location, May 2027+ start, 12/16 months and degree eligibility.",,https://www.monster.com/job-openings/2027-summer-internship-ontario-ny--05674cbf-ae13-47ab-9fb9-c574a5a8865d,"Unverified automated discovery. Query/source: design systems intern Ontario ""May 2027""",,2026-09-23,2026-09-23,False,Newly found
Needs confirmation,www.option-carriere.ca,Offres d'emploi : Process Engineer Intern au Canada | Optioncarriere,Ontario searched; location unverified,,No distance cutoff; commute unverified,Unverified,Unverified,,,"Industrial Engineering Intern (Fall 2026) · ABB. Québec, QC. At ABB, we help industries run leaner and cleaner—and every person here makes that happen. You'll ...","Confirm employer, Ontario location, May 2027+ start, 12/16 months and degree eligibility.",,https://www.option-carriere.ca/emploi-process-engineer-intern,"Unverified automated discovery. Query/source: ""ABB"" engineering co-op internship Ontario 2027",,2026-09-30,2026-09-30,False,Newly found
Needs confirmation,www.ouinfo.ca,Electrical Engineering (Co-op) – OUInfo,Ontario searched; location unverified,,No distance cutoff; commute unverified,Unverified,Unverified,,,"Co-op opportunities are available beginning in Year 2. If accepted into Electrical Engineering (Co-op), you will be required to meet your faculty's eligibility requirements, including achieving a minimum GPA and participation in a mandatory co-op preparation session · You must provide proof ...","Confirm employer, Ontario location, May 2027+ start, 12/16 months and degree eligibility.",,https://www.ouinfo.ca/programs/ontario-tech/dce,Unverified automated discovery. Query/source: electrical engineering co-op Ontario 2027 12 16 months,,2026-09-23,2026-09-23,False,Newly found
Needs confirmation,www.ouinfo.ca,Mechatronics Engineering (Co-op) – OUInfo,Ontario searched; location unverified,,No distance cutoff; commute unverified,Unverified,Unverified,,,"Co-op opportunities are available beginning in Year 2. If accepted into Mechatronics Engineering (Co-op), you will be required to meet your faculty's eligibility requirements, including achieving a minimum GPA and participation in a mandatory co-op preparation session.","Confirm employer, Ontario location, May 2027+ start, 12/16 months and degree eligibility.",,https://www.ouinfo.ca/programs/ontario-tech/dco,Unverified automated discovery. Query/source: mechatronics engineering co-op Ontario 2027 12 16 months,,2026-09-23,2026-09-23,False,Newly found
Needs confirmation,www.ouinfo.ca,Mechatronics Engineering (Co-op Only) – OUInfo,Ontario searched; location unverified,,No distance cutoff; commute unverified,Unverified,Unverified,,,"Ontario High School Diploma with a minimum of 6 Grade 12 U/M courses, including the required courses for the program to which you have applied.","Confirm employer, Ontario location, May 2027+ start, 12/16 months and degree eligibility.",,https://www.ouinfo.ca/programs/340,Unverified automated discovery. Query/source: mechatronics engineering co-op Ontario 2027 12 16 months,,2026-09-23,2026-09-23,False,Newly found
Needs confirmation,www.ouinfo.ca,Mechatronics Engineering (Co-op Available) – OUInfo,Ontario searched; location unverified,,No distance cutoff; commute unverified,Unverified,Unverified,,,Completion of the Ontario Secondary School Diploma (OSSD) 6 Grade 12 U/M courses with a minimum overall average of 70%.,"Confirm employer, Ontario location, May 2027+ start, 12/16 months and degree eligibility.",,https://www.ouinfo.ca/programs/7679,Unverified automated discovery. Query/source: mechatronics engineering co-op Ontario 2027 12 16 months,,2026-09-23,2026-09-23,False,Newly found
Needs confirmation,www.ouinfo.ca,https://www.ouinfo.ca/programs/topic/materials-science,Ontario searched; location unverified,,No distance cutoff; commute unverified,Unverified,Unverified,,,English | NEH | Exp. learning: Co-op option available with this program | Enrollment: 400 Total enrollment includes all Engineering programs,"Confirm employer, Ontario location, May 2027+ start, 12/16 months and degree eligibility.",,https://www.ouinfo.ca/programs/topic/materials-science,Unverified automated discovery. Query/source: materials engineering co-op Ontario 2027 12 16 months,,2026-09-23,2026-09-23,False,Newly found
Needs confirmation,www.pepsicojobs.com,Internship Programs at PepsiCo,Ontario searched; location unverified,,No distance cutoff; commute unverified,Unverified,Unverified,,,"Thailand, Vietnam General internships offer a range of learning opportunities in key commercial and engineering roles. China, Thailand Participants develop their professional future with a focus on R&D, supply chain, sales or agriculture management skills.","Confirm employer, Ontario location, May 2027+ start, 12/16 months and degree eligibility.",,https://www.pepsicojobs.com/internshipsprograms,"Unverified automated discovery. Query/source: ""PepsiCo"" engineering co-op internship Ontario 2027",,2026-09-30,2026-09-30,False,Newly found
Needs confirmation,www.pgcareers.com,Explore Internships at Procter & Gamble,Ontario searched; location unverified,,No distance cutoff; commute unverified,Unverified,Unverified,,,"We offer a range of sought-after internships, traineeships, apprenticeships, and co-ops for those interested in business management, marketing, finance, IT, science, engineering, and more.","Confirm employer, Ontario location, May 2027+ start, 12/16 months and degree eligibility.",,https://www.pgcareers.com/global/en/internships,Unverified automated discovery. Query/source: site:www.pgcareers.com engineering student intern co-op 2027,,2026-09-23,2026-09-23,False,Newly found
Needs confirmation,www.pgcareers.com,Available Internships in the United States | P&G Careers,Ontario searched; location unverified,,No distance cutoff; commute unverified,Unverified,Unverified,,,"We offer a range of sought-after internships, traineeships, apprenticeships, and co-ops for those interested in business management, marketing, finance, IT, science, engineering, and more.","Confirm employer, Ontario location, May 2027+ start, 12/16 months and degree eligibility.",,https://www.pgcareers.com/us/en/internships,Unverified automated discovery. Query/source: site:www.pgcareers.com engineering student intern co-op 2027,,2026-09-23,2026-09-23,False,Newly found
Needs confirmation,www.reddit.com,r/StructuralEngineering on Reddit: Civil Engineering Co-op advice,Ontario searched; location unverified,,No distance cutoff; commute unverified,Unverified,Unverified,,,Direct employer link; description needs review.,"Confirm employer, Ontario location, May 2027+ start, 12/16 months and degree eligibility.",,https://www.reddit.com/r/StructuralEngineering/comments/19ejl5v/civil_engineering_coop_advice/,Unverified automated discovery. Query/source: civil structural engineering co-op Ontario 2027 12 16 months,,2026-09-23,2026-09-23,False,Newly found
Needs confirmation,www.rtx.com,University and Campus Programs - Collins Aerospace,Ontario searched; location unverified,,No distance cutoff; commute unverified,Unverified,Unverified,,,"From cutting-edge engineering and global supply chain to strategy, sales, and beyond, we offer career opportunities built to fly. Whether you’re a current student or a recent graduate, we have a wide range of internships, co-ops, and college graduate roles available.","Confirm employer, Ontario location, May 2027+ start, 12/16 months and degree eligibility.",,https://www.rtx.com/collinsaerospace/careers/university-and-campus-programs,"Unverified automated discovery. Query/source: ""Collins Aerospace"" engineering co-op internship Ontario 2027",,2026-09-26,2026-09-26,False,Newly found
Needs confirmation,www.simplyhired.ca,Electrical Engineering Intern Spring 2027 - Rocket Lab ...,Ontario searched; location unverified,,No distance cutoff; commute unverified,Unverified,Unverified,,,"As a Electrical Engineering Intern based at Rocket Lab's site in Toronto, Canada, you will have the opportunity to support the Space Systems Division in bringing new reaction wheel and star tracker products to market as well as supporting implementation of new electronics design software.","Confirm employer, Ontario location, May 2027+ start, 12/16 months and degree eligibility.",,https://www.simplyhired.ca/job/04Q--awM0x7VRKONdg1LCUKjB76xXH1M1QT58QP1a8x-oIrf3LSmIg,"Unverified automated discovery. Query/source: ""Rocket Lab"" engineering co-op internship Ontario 2027",,2026-09-23,2026-09-27,False,Unchanged
Needs confirmation,www.simplyhired.ca,"Co-op Engineering Student - Aecon Group | Toronto, ON",Ontario searched; location unverified,,No distance cutoff; commute unverified,Unverified,Unverified,,,What is the Opportunity? Aecon has several openings within the Civil West division for Engineering Co-op students. These positions will provide the opportunity to take an active involvement in exciting heavy civil projects and provide opportunities for learning and development.,"Confirm employer, Ontario location, May 2027+ start, 12/16 months and degree eligibility.",,https://www.simplyhired.ca/job/f9uOb6DbL4DQMdc873eabSVGe7s-uKdpknd9stNSYnW6uxI4N7Xdhw,"Unverified automated discovery. Query/source: ""Aecon"" engineering co-op internship Ontario 2027",,2026-09-27,2026-09-27,False,Newly found
Needs confirmation,www.simplyhired.ca,Dillon Consulting: Civil Engineering Intern - Dillon ...,Ontario searched; location unverified,,No distance cutoff; commute unverified,Unverified,Unverified,,,Dillon Consulting is looking for a Civil Engineering Co-op/Intern to fill an existing vacancy within our multidisciplinary team of professionals. You will have the opportunity to work on new and exciting projects while gaining valuable exposure and experience in the consulting engineering industry.,"Confirm employer, Ontario location, May 2027+ start, 12/16 months and degree eligibility.",,https://www.simplyhired.ca/job/Mm5uNZCr2BMGig2oYT2dlaBoW1GhHOM90F1DRZpm2b8VcynLqvABKQ,"Unverified automated discovery. Query/source: ""Dillon Consulting"" engineering co-op internship Ontario 2027",,2026-09-26,2026-09-26,False,Newly found
Needs confirmation,www.simplyhired.ca,Test Engineering Co-Op (May 2027-April 2028)) - Skyworks ...,Ontario searched; location unverified,,No distance cutoff; commute unverified,2027-05 (indexed title; unverified),Unverified,,,"Job Title: Test Engineering Co-Op (May 2027-April 2028)) Posting Start Date: 8/31/26 Job Location (s): Ottawa If you are looking for a challenging and exciting career in the world of technology, then look no further. Skyworks is an innovator of high-performance analog semiconductors whose solutions are powering the wireless networking revolution.","Confirm employer, Ontario location, May 2027+ start, 12/16 months and degree eligibility.",,https://www.simplyhired.ca/job/MgFEIA92YI67C6prbJTw4jTP0IVWHYwu_OOYjK8WYNfnzs27FtfclA,"Unverified automated discovery. Query/source: ""Skyworks"" engineering co-op internship Ontario 2027",,2026-09-26,2026-09-26,False,Newly found
Needs confirmation,www.simplyhired.ca,"Product Engineering Co-Op - Skyworks | Ottawa, ON",Ontario searched; location unverified,,No distance cutoff; commute unverified,Unverified,Unverified,,,"We are looking for a Product Engineering Co-Op to join the team in Ottawa, Ontario (Canada) for a 12 month period starting in January, 2025! If you are looking for a challenging and exciting career in the world of technology, then look no further.","Confirm employer, Ontario location, May 2027+ start, 12/16 months and degree eligibility.",,https://www.simplyhired.ca/job/tMY7mHCPc78WAZpz9GeW0kA6M5jsSjTfuXw2uz5KSLdz5KqKFzSpHg,"Unverified automated discovery. Query/source: ""Skyworks"" engineering co-op internship Ontario 2027",,2026-09-26,2026-09-26,False,Newly found
Needs confirmation,www.tealhq.com,Design Engineering Intern/Co-Op - Summer 2027 @ BWXT,Ontario searched; location unverified,,No distance cutoff; commute unverified,Unverified,Unverified,,,"Aug 31, 2026 · New opening - Full-time Design Engineering Intern/Co-Op - Summer 2027 at BWXT 25 - 30, Onsite position hiring now. View the role details and bookmark this job with Teal.","Confirm employer, Ontario location, May 2027+ start, 12/16 months and degree eligibility.",,https://www.tealhq.com/job/design-engineering-intern-co-op_7ea1a40295dadd232d5c49db6ed171e2f151c,"Unverified automated discovery. Query/source: ""BWXT"" engineering co-op internship Ontario 2027",,2026-09-26,2026-09-26,False,Newly found
Needs confirmation,www.torontomu.ca,Civil Engineering - 2026-2027 Calendar - Toronto Metropolitan University (TMU),Ontario searched; location unverified,,No distance cutoff; commute unverified,Unverified,Unverified,,,"After completing the first three years of the regular curriculum, a student in the Civil Engineering Program with CLEAR academic standing has options of continuing with the regular program or enrolling in the Civil Engineering Co-operative program after obtaining a 12 to 16-month Co-op job offer.","Confirm employer, Ontario location, May 2027+ start, 12/16 months and degree eligibility.",,https://www.torontomu.ca/calendar/2026-2027/programs/feas/civil/,Unverified automated discovery. Query/source: civil structural engineering co-op Ontario 2027 12 16 months,,2026-09-23,2026-09-23,False,Newly found
Needs confirmation,www.torontomu.ca,Civil Engineering - 2024-2025 Calendar - Toronto Metropolitan University (TMU),Ontario searched; location unverified,,No distance cutoff; commute unverified,Unverified,Unverified,,,"After completing the first three years of the regular curriculum, a student in the Civil Engineering Program with CLEAR academic standing has options of continuing with the regular program or enrolling in the Civil Engineering Co-operative program after obtaining a 12 to 16-month Co-op job offer.","Confirm employer, Ontario location, May 2027+ start, 12/16 months and degree eligibility.",,https://www.torontomu.ca/calendar/2024-2025/programs/feas/civil/,Unverified automated discovery. Query/source: civil structural engineering co-op Ontario 2027 12 16 months,,2026-09-23,2026-09-23,False,Newly found
Needs confirmation,www.torontomu.ca,Co-op & Internship Opportunities - Faculty of Engineering and Architectural Science - Toronto Metropolitan University (TMU),Ontario searched; location unverified,,No distance cutoff; commute unverified,Unverified,Unverified,,,"Engineering and architecture students can take a break from their class-based studies, make lasting industry connections, and gain on-the-job experience through an 8, 12 and/or 16 month paid, full-time co-op and internship placement.","Confirm employer, Ontario location, May 2027+ start, 12/16 months and degree eligibility.",,https://www.torontomu.ca/engineering-architectural-science/programs/undergraduate-programs/cooperative-internships/,Unverified automated discovery. Query/source: chemical process engineering co-op Ontario 2027 12 16 months,,2026-09-23,2026-09-23,False,Newly found
Needs confirmation,www.torontomu.ca,Industrial Engineering - 2026-2027 Calendar - Toronto Metropolitan University (TMU),Ontario searched; location unverified,,No distance cutoff; commute unverified,Unverified,Unverified,,,After completing the first three ... standing has options of continuing with the regular program or enrolling in the Industrial Engineering Co-operative program after obtaining a 12 to 16-month Co-op job offer....,"Confirm employer, Ontario location, May 2027+ start, 12/16 months and degree eligibility.",,https://www.torontomu.ca/calendar/2026-2027/programs/feas/industrial/,Unverified automated discovery. Query/source: industrial manufacturing engineering co-op Ontario 2027 12 16 months,,2026-09-23,2026-09-23,False,Newly found
Needs confirmation,www.uottawa.ca,Chemical Engineering | Study,Ontario searched; location unverified,,No distance cutoff; commute unverified,Unverified,Unverified,,,Co-op programs have limited enrolment. Meeting the admission criteria does not guarantee you a place. Admission is based on your CGPA. We admit those with the highest CGPA first · Sequence 1 - all students follow this sequence,"Confirm employer, Ontario location, May 2027+ start, 12/16 months and degree eligibility.",,https://www.uottawa.ca/study/career-experiential-learning/coop/coop-programs/chemical-engineering,Unverified automated discovery. Query/source: chemical process engineering co-op Ontario 2027 12 16 months,,2026-09-27,2026-09-29,False,Unchanged
Needs confirmation,www.wayup.com,GE Vernova Nuclear Engineering Co-Op/Intern - Spring 2027 - WayUp,Ontario searched; location unverified,,No distance cutoff; commute unverified,Unverified,Unverified,,,"Receive technical learning opportunities, mentorship, and coaching from world-class technologists and experienced technical managers. Grow your technical expertise in your chosen field and expand your skills in new areas.","Confirm employer, Ontario location, May 2027+ start, 12/16 months and degree eligibility.",,https://www.wayup.com/i-Civil-Engineering-j-GE-Vernova-Nuclear-Engineering-Co-Op-Intern-Spring-2027-GE-Vernova-393571029474660/,"Unverified automated discovery. Query/source: ""GE Vernova"" engineering co-op internship Ontario 2027",,2026-09-26,2026-09-26,False,Newly found
Needs confirmation,www.workopolis.com,"Internship, Technical Program Manager, Cell Manufacturing ...",Ontario searched; location unverified,,No distance cutoff; commute unverified,Unverified,Unverified,,,This position is expected to start around January 2027 and continue through the entire Spring term (i.e. through May 2027) or into Summer 2027 if available.,"Confirm employer, Ontario location, May 2027+ start, 12/16 months and degree eligibility.",,https://www.workopolis.com/jobsearch/viewjob/SwhxTD2W3cKHCX8u-CzUZt2qwEAPDiieMI98fDG6YkVs4b6uQFt6PeobjkHGMHoy,"Unverified automated discovery. Query/source: mechatronics intern Ontario ""May 2027""",,2026-09-30,2026-09-30,False,Newly found
Needs confirmation,www.workopolis.com,Engineering Intern (12 months) - Rotech Pumps USA ...,Ontario searched; location unverified,,No distance cutoff; commute unverified,Unverified,12 months (indexed title),,,"Rotech Pumps is currently looking for an intern (12 months) that will be exposed to work and improve their technical knowledge, as well as getting exposure working with various stakeholders. You will be working with Sales and Application Engineering department, but will get training and exposure to manufacturing, order execution and various other departments.","Confirm employer, Ontario location, May 2027+ start, 12/16 months and degree eligibility.",,https://www.workopolis.com/jobsearch/viewjob/HYK49lGu2Piw674j_jDfj3AnkewNd4lrv8qlL8LHknqN4m3p_Bjirv5rs-S1Dtbo,"Unverified automated discovery. Query/source: ""Rotech"" engineering co-op internship Ontario 2027",,2026-09-30,2026-09-30,False,Newly found
Needs confirmation,www.workopolis.com,Manufacturing Engineering Co-op - MACLEAN ENGINEERING ...,Ontario searched; location unverified,,No distance cutoff; commute unverified,Unverified,Unverified,,,"MacLean Engineering is looking for an energetic Manufacturing Engineering Co-op Student to join our Manufacturing Engineering team in North Bay, ON. This co-op opportunity is ideal for a student looking to gain hands-on experience in a dynamic Engineering and Production environment while applying classroom learning to real manufacturing challenges. The successful candidate will work with ...","Confirm employer, Ontario location, May 2027+ start, 12/16 months and degree eligibility.",,https://www.workopolis.com/jobsearch/viewjob/75IPUpV6GUhuzhwqhAUF5eGGy_HdkH8-Z3ik6V580Bkb1-AlP072Z5nE-t_TRNKl,"Unverified automated discovery. Query/source: ""MacLean Engineering"" engineering co-op internship Ontario 2027",,2026-09-30,2026-09-30,False,Newly found
Needs confirmation,www.workopolis.com,"Indigenous Engineer Intern/co-op - GHD | Toronto, ON",Ontario searched; location unverified,,No distance cutoff; commute unverified,Unverified,Unverified,,,The objective of GHD’s Internship Program is to provide students who self-identify as members of Indigenous communities the opportunity to gain experience in a consulting environment and contribute to a range of infrastructure and environmental projects.,"Confirm employer, Ontario location, May 2027+ start, 12/16 months and degree eligibility.",,https://www.workopolis.com/jobsearch/viewjob/lyMzWj5-7PjPYv3hEhn_BsxGQiYOb4_wlFIt5z05cEouCVDXMsx7lW6-F6stvtXn,"Unverified automated discovery. Query/source: ""GHD"" engineering co-op internship Ontario 2027",,2026-09-26,2026-09-27,False,Unchanged
Needs confirmation,www.workopolis.com,"Automation Co-Op Student - StackTeck | Concord, ON | Workopolis",Ontario searched; location unverified,,No distance cutoff; commute unverified,Unverified,Unverified,,,"SUMMARY: StackTeck has an Automation business located in Vaughan, Ontario. We design and make industrial robotic systems, specializing in In Mold Labelling and Takeoff systems for the plastic packaging market. These systems can also include 6-axis robots, vision and case packing modules.","Confirm employer, Ontario location, May 2027+ start, 12/16 months and degree eligibility.",,https://www.workopolis.com/jobsearch/viewjob/AfHi1pOclLXNG-WQCBe8_I4C8RFP_GJzb3KatgA8HVVmOL5jEZyUWagonY1XaHKE,"Unverified automated discovery. Query/source: ""StackTeck"" engineering co-op internship Ontario 2027",,2026-09-23,2026-09-26,False,Unchanged
Needs confirmation,www.workopolis.com,"Engineering Student, Systems Engineering – Space Missions ...",Ontario searched; location unverified,,No distance cutoff; commute unverified,Unverified,Unverified,,,"A robotics, satellite systems and geointelligence pioneer with a 55-year+ story of world firsts and more than 450 missions, MDA Space is a global leader in communications satellites, Earth and space observation, and space exploration and infrastructure.","Confirm employer, Ontario location, May 2027+ start, 12/16 months and degree eligibility.",,https://www.workopolis.com/jobsearch/viewjob/qprRWAQRLcHsIMm_2tuvJ8CQqnDtC2BRojmX4AFHXfFKngKZOzLDwgaio581oc5H,"Unverified automated discovery. Query/source: ""MDA Space"" engineering co-op internship Ontario 2027",,2026-09-26,2026-09-26,False,Newly found
Needs confirmation,www.workopolis.com,"Ontario, Canada Co op electrical Jobs – 17 Openings This Week | Workopolis",Ontario searched; location unverified,,No distance cutoff; commute unverified,Unverified,Unverified,,,"We are currently seeking an Electrical Engineering Co-Op Student to join our Central Engineering team in Sudbury. The role is a fixed-term on-site position, 12 months in duration, beginning September 2026.","Confirm employer, Ontario location, May 2027+ start, 12/16 months and degree eligibility.",,https://www.workopolis.com/jobsearch/co-op-electrical-jobs/ontario-canada,Unverified automated discovery. Query/source: electrical engineering co-op Ontario 2027 12 16 months,,2026-09-23,2026-09-23,False,Newly found
Needs confirmation,www.workopolis.com,Engineering Co-op – Mechanical / Materials / Mechatronics (16 ...,Ontario searched; location unverified,,No distance cutoff; commute unverified,Unverified,Unverified,,,"As our next Jr. Engineering Specialist (Co-op), you’ll assist Metallurgists in developing new materials and processes to support business development initiatives across multiple facilities.","Confirm employer, Ontario location, May 2027+ start, 12/16 months and degree eligibility.",,https://www.workopolis.com/jobsearch/viewjob/aUfpWIF9pGI2hStbb-E4LKlF3G6RK7NeNfCsPhGpbsXU_mUaQyo4O-4ly8UO8ONi,"Unverified automated discovery. Query/source: ""Johnson Electric"" engineering co-op internship Ontario 2027",,2026-09-23,2026-09-23,False,Newly found
Needs confirmation,www.workopolis.com,"Engineering Co-op - 8 month - Johnson Electric | Ancaster, ON",Ontario searched; location unverified,,No distance cutoff; commute unverified,Unverified,Unverified,,,"As our next Engineering Co-op, you’ll be assisting in the implementation of standardized work instructions and other Lean Manufacturing and Continuous Improvement projects.","Confirm employer, Ontario location, May 2027+ start, 12/16 months and degree eligibility.",,https://www.workopolis.com/jobsearch/viewjob/4StBmpVNtzs_CS0qvy9u4L9gRZk7W2jlwsut7l_-i9UDXgInDJV_XRIEVrG-Ex8n,"Unverified automated discovery. Query/source: ""Johnson Electric"" engineering co-op internship Ontario 2027",,2026-09-23,2026-09-23,False,Newly found
Needs confirmation,www.zentrics.ca,"Co-op, Internship & Graduate Opportunities in AI, Robotics ...",Ontario searched; location unverified,,No distance cutoff; commute unverified,Unverified,Unverified,,,"Zentrics offers co-op, internship, and fresh graduate opportunities in software, AI, robotics, mechatronics, automation, fintech, legal-tech, and innovation in Ontario.","Confirm employer, Ontario location, May 2027+ start, 12/16 months and degree eligibility.",,https://www.zentrics.ca/careers.html,Unverified automated discovery. Query/source: automation robotics engineering co-op Ontario 2027 12 16 months,,2026-09-30,2026-09-30,False,Newly found
Needs confirmation,www.ziprecruiter.com,"GHD Indigenous Engineer Intern/co-op Job in Toronto, ON",Ontario searched; location unverified,,No distance cutoff; commute unverified,Unverified,Unverified,,,"GHD is currently seeking an Intern to work with our groups on projects related to Environment, Transportation, Water, Architecture, and Construction Inspection services.","Confirm employer, Ontario location, May 2027+ start, 12/16 months and degree eligibility.",,"https://www.ziprecruiter.com/c/GHD/Job/Indigenous-Engineer-Intern-co-op/-in-Toronto,ON?jid=27401921ba01cab0","Unverified automated discovery. Query/source: ""GHD"" engineering co-op internship Ontario 2027",,2026-09-26,2026-09-26,False,Newly found
Needs confirmation,www.ziprecruiter.com,Mechanical Engineering Technology Co Op Jobs in Ontario,Ontario searched; location unverified,,No distance cutoff; commute unverified,Unverified,Unverified,,,"Location: Ottawa, ON (on-site) Employment type: Co-op / Internship Duration: 48 months (depending on academic program) Hours: 3540 hours per week Salary range: $18 $25 CAD per hour, based on academic level and relevant experience","Confirm employer, Ontario location, May 2027+ start, 12/16 months and degree eligibility.",,https://www.ziprecruiter.com/Jobs/Mechanical-Engineering-Technology-Co-Op/--in-Ontario,Unverified automated discovery. Query/source: mechanical engineering co-op Ontario 2027 12 16 months,,2026-09-23,2026-09-23,False,Newly found
Needs confirmation,www.ziprecruiter.com,$51k-$163k Engineering Coop Jobs Ontario (NOW HIRING),Ontario searched; location unverified,,No distance cutoff; commute unverified,Unverified,Unverified,,,"... Knowledge of vector databases (e.g., Qdrant) and prompt engineering techniques. * Interest in safety, reliability, or interpretability of AI agents. This is a 12-month duration COOP/ Intern hybrid ...","Confirm employer, Ontario location, May 2027+ start, 12/16 months and degree eligibility.",,https://www.ziprecruiter.com/Jobs/Engineering-Coop/--in-Ontario,Unverified automated discovery. Query/source: mechanical engineering co-op Ontario 2027 12 16 months,,2026-09-23,2026-09-23,False,Newly found
Needs confirmation,www.ziprecruiter.com,Mechanical Engineering Coop Student Jobs in Ontario,Ontario searched; location unverified,,No distance cutoff; commute unverified,Unverified,Unverified,,,Are you interested in the opportunity to work as a Quality Engineering or Automation Student at RBC ... Student/Coop (Fixed Term) Pay Type: Salaried Posted Date: 2025-12-12 Application Deadline: 2026-01 ...,"Confirm employer, Ontario location, May 2027+ start, 12/16 months and degree eligibility.",,https://www.ziprecruiter.com/Jobs/Mechanical-Engineering-Coop-Student/--in-Ontario,Unverified automated discovery. Query/source: mechanical engineering co-op Ontario 2027 12 16 months,,2026-09-23,2026-09-23,False,Newly found
Needs confirmation,www.ziprecruiter.com,"$17-$52/hr Mechanical Engineer Co Op Jobs in Toronto, ON",Ontario searched; location unverified,,No distance cutoff; commute unverified,Unverified,Unverified,,,"CNC Optical Technician Co-op (12 Month Co-op) Reference #42616 L3Harris, Wescam division Don Mills ...","Confirm employer, Ontario location, May 2027+ start, 12/16 months and degree eligibility.",,"https://www.ziprecruiter.com/Jobs/Mechanical-Engineer-Co-Op/-in-Toronto,ON",Unverified automated discovery. Query/source: mechanical engineering co-op Ontario 2027 12 16 months,,2026-09-23,2026-09-23,False,Newly found
Needs confirmation,www.ziprecruiter.com,Engineering Summer Co Op Jobs in Ontario (NOW HIRING),Ontario searched; location unverified,,No distance cutoff; commute unverified,Unverified,Unverified,,,... co-op student for a 12-month duration who's curious about how LLM agents behave in real-world ...,"Confirm employer, Ontario location, May 2027+ start, 12/16 months and degree eligibility.",,https://www.ziprecruiter.com/Jobs/Engineering-Summer-Co-Op/--in-Ontario,Unverified automated discovery. Query/source: mechanical engineering co-op Ontario 2027 12 16 months,,2026-09-23,2026-09-23,False,Newly found
Needs confirmation,www.ziprecruiter.com,$17-$52/hr Electrical Engineer Co Op Jobs in Ontario,Ontario searched; location unverified,,No distance cutoff; commute unverified,Unverified,Unverified,,,"Grow with us 5G Software Developer Co-op Location: Ottawa, ON. Duration: 8 - 16 months (for co-ops ... Electrical Engineering or equivalent.","Confirm employer, Ontario location, May 2027+ start, 12/16 months and degree eligibility.",,https://www.ziprecruiter.com/Jobs/Electrical-Engineer-Co-Op/--in-Ontario,Unverified automated discovery. Query/source: electrical engineering co-op Ontario 2027 12 16 months,,2026-09-23,2026-09-23,False,Newly found
Needs confirmation,www.ziprecruiter.com,$16-$55/hr Robotics Co Op Jobs Ontario (NOW HIRING) Sep 26,Ontario searched; location unverified,,No distance cutoff; commute unverified,Unverified,Unverified,,,"Browse 50 ROBOTICS CO OP jobs from companies in ONTARIO, Canada that are now hiring. Find job opportunities near you paying $29 per hour and apply.","Confirm employer, Ontario location, May 2027+ start, 12/16 months and degree eligibility.",,https://www.ziprecruiter.com/Jobs/Robotics-Co-Op/--in-Ontario?lk=98gENW_L8IuOrUxEfNPiiQ,Unverified automated discovery. Query/source: mechatronics engineering co-op Ontario 2027 12 16 months,,2026-09-23,2026-09-23,False,Newly found
Needs confirmation,www.ziprecruiter.com,Mechatronics Co Op Student Jobs in Ontario (NOW HIRING),Ontario searched; location unverified,,No distance cutoff; commute unverified,Unverified,Unverified,,,"The choice depends on your interest ... 1 eight-month co-op OR 2 four-month co-ops Term: January 3 to August 27, 2027, or January 4 to April 30, 2027, and May 3 to August 27, 2027...","Confirm employer, Ontario location, May 2027+ start, 12/16 months and degree eligibility.",,https://www.ziprecruiter.com/Jobs/Mechatronics-Co-Op-Student/--in-Ontario,Unverified automated discovery. Query/source: mechatronics engineering co-op Ontario 2027 12 16 months,,2026-09-23,2026-09-23,False,Newly found
Needs confirmation,www.ziprecruiter.com,"$18-$61/hr Civil Engineer Co Op Jobs Toronto, ON Hiring Now",Ontario searched; location unverified,,No distance cutoff; commute unverified,Unverified,Unverified,,,Bachelor's degree in Civil-Structural Engineering. * 1-3 years of related experience (co-op or work experience in electrical substations or transmission line projects is preferred).,"Confirm employer, Ontario location, May 2027+ start, 12/16 months and degree eligibility.",,"https://www.ziprecruiter.com/Jobs/Civil-Engineer-Co-Op/-in-Toronto,ON",Unverified automated discovery. Query/source: civil structural engineering co-op Ontario 2027 12 16 months,,2026-09-23,2026-09-23,False,Newly found
Needs confirmation,www.ziprecruiter.com,Civil Engineering Internships Jobs in Ontario (NOW HIRING),Ontario searched; location unverified,,No distance cutoff; commute unverified,Unverified,Unverified,,,"The Co-op internship term is from May 2027 to May 2028, which can be extended up to a period 14 months (August 2028) should all parties find the fit to the role well aligned.","Confirm employer, Ontario location, May 2027+ start, 12/16 months and degree eligibility.",,https://www.ziprecruiter.com/Jobs/Civil-Engineering-Internships/--in-Ontario,Unverified automated discovery. Query/source: civil structural engineering co-op Ontario 2027 12 16 months,,2026-09-23,2026-09-23,False,Newly found
Needs confirmation,www.ziprecruiter.com,"Materials Engineering Co Op Jobs in Oakville, ON",Ontario searched; location unverified,,No distance cutoff; commute unverified,Unverified,Unverified,,,IKO Industries Ltd. is a market leader in the manufacturing of roofing and building materials. IKO ... We presently have an opportunity for a Process Engineering Co-Op (8-month or 12-month contract) to ...,"Confirm employer, Ontario location, May 2027+ start, 12/16 months and degree eligibility.",,"https://www.ziprecruiter.com/Jobs/Materials-Engineering-Co-Op/-in-Oakville,ON",Unverified automated discovery. Query/source: materials engineering co-op Ontario 2027 12 16 months,,2026-09-23,2026-09-23,False,Newly found
Needs confirmation,www.ziprecruiter.com,$16-$48/hr Chemical Engineering Intern Jobs in Ontario,Ontario searched; location unverified,,No distance cutoff; commute unverified,Unverified,Unverified,,,"Browse 344 CHEMICAL ENGINEERING INTERN jobs from companies in ONTARIO, CA now hiring. Find job opportunities near you paying $25 per hour & apply.","Confirm employer, Ontario location, May 2027+ start, 12/16 months and degree eligibility.",,https://www.ziprecruiter.com/Jobs/Chemical-Engineering-Intern/--in-Ontario?lk=ZKu1KsTE1p0UE2XN5ywS1A,"Unverified automated discovery. Query/source: chemical process intern Ontario ""May 2027""",,2026-09-23,2026-09-23,False,Newly found
Needs confirmation,www.ziprecruiter.com,Internship Robotics Internships Jobs in Ontario (NOW HIRING),Ontario searched; location unverified,,No distance cutoff; commute unverified,Unverified,Unverified,,,"Browse 71 INTERNSHIP ROBOTICS INTERNSHIPS jobs from companies in ONTARIO, Canada that are now hiring. Find job opportunities near you and apply.","Confirm employer, Ontario location, May 2027+ start, 12/16 months and degree eligibility.",,https://www.ziprecruiter.com/Jobs/Internship-Robotics-Internships/--in-Ontario?lk=Rg6eq-Ytgqec9yquVWvdsQ,"Unverified automated discovery. Query/source: automation robotics intern Ontario ""May 2027""",,2026-09-23,2026-09-23,False,Newly found
Excluded,ca.linkedin.com,Paper Mill Engineering Co-op Student - Winter 2027 - LinkedIn,Ontario searched; location unverified,,No distance cutoff; commute unverified,2027-01 (indexed title; unverified),Unverified,,,"Apply for Paper Mill Engineering Co-op Student - Winter 2027 at Irving Tissue in Toronto, Ontario, Canada. Full-time Internship role.","Confirm employer, Ontario location, May 2027+ start, 12/16 months and degree eligibility.",,https://ca.linkedin.com/jobs/view/paper-mill-engineering-co-op-student-winter-2027-at-irving-tissue-4462855922,Unverified automated discovery. Query/source: industrial manufacturing engineering co-op Ontario 2027 12 16 months,,2026-09-30,2026-09-30,False,Newly found
Excluded,ca.linkedin.com,Corporate Reliability Engineering Co-op Student - Winter 2027 ...,Ontario searched; location unverified,,No distance cutoff; commute unverified,2027-01 (indexed title; unverified),Unverified,,,"Corporate Reliability Engineering Co-op Student - Winter 2027 (12-month term) Irving Consumer Products Toronto, Ontario, Canada 3 weeks ago 76 applicants See who Irving Consumer Products has hired for this role","Confirm employer, Ontario location, May 2027+ start, 12/16 months and degree eligibility.",,https://ca.linkedin.com/jobs/view/corporate-reliability-engineering-co-op-student-winter-2027-12-month-term-at-irving-consumer-products-4462056920,Unverified automated discovery. Query/source: quality reliability engineering co-op Ontario 2027 12 16 months,,2026-09-30,2026-09-30,False,Newly found
Excluded,ca.linkedin.com,Engineering Intern - Winter 2027 at ABB - LinkedIn,Ontario searched; location unverified,,No distance cutoff; commute unverified,2027-01 (indexed title; unverified),Unverified,,,"1 day ago · Day-to-day, you will develop your knowledge by carrying out assigned tasks and responsibilities. You will also apply your skills to support ABB ...","Confirm employer, Ontario location, May 2027+ start, 12/16 months and degree eligibility.",,https://ca.linkedin.com/jobs/view/engineering-intern-winter-2027-at-abb-4468622117,"Unverified automated discovery. Query/source: ""ABB"" engineering co-op internship Ontario 2027",,2026-09-30,2026-09-30,False,Newly found
Excluded,ca.linkedin.com,"Intern, Engineering - Mass Properties (Winter 2027)",Ontario searched; location unverified,,No distance cutoff; commute unverified,2027-01 (indexed title; unverified),Unverified,,,"1 day ago · Apply for Intern, Engineering - Mass Properties (Winter 2027) at Bombardier in Mississauga, Ontario, Canada. Volunteer Internship role. See responsibilities, qualifications, and similar jobs on LinkedIn.","Confirm employer, Ontario location, May 2027+ start, 12/16 months and degree eligibility.",,https://ca.linkedin.com/jobs/view/intern-engineering-mass-properties-winter-2027-at-bombardier-4473298926,"Unverified automated discovery. Query/source: ""Armstrong Fluid Technology"" engineering co-op internship Ontario 2027",,2026-09-30,2026-09-30,False,Newly found
Excluded,ca.linkedin.com,Winter Co-op 2027 - Software Engineering (8 Months) - LinkedIn,Ontario searched; location unverified,,No distance cutoff; commute unverified,Unverified,8 Months (indexed title),,,"Apply for Winter Co-op 2027 - Software Engineering (8 Months) at Manulife in Toronto, Ontario, Canada. Full-time Internship role. See responsibilities, qualifications, and similar jobs on LinkedIn.","Confirm employer, Ontario location, May 2027+ start, 12/16 months and degree eligibility.",,https://ca.linkedin.com/jobs/view/winter-co-op-2027-software-engineering-8-months-at-manulife-4460078684,"Unverified automated discovery. Query/source: site:linkedin.com/jobs engineering co-op Ontario ""2027"" ""months""",,2026-09-30,2026-09-30,False,Newly found
Excluded,ca.linkedin.com,Winter 2027 Co-op - Mechanical Engineering Tech - LinkedIn,Ontario searched; location unverified,,No distance cutoff; commute unverified,2027-01 (indexed title; unverified),Unverified,,,Standard Job Description Join the Kanata Operations Team! We are looking for a talented and motivated Mechanical Engineering Tech Coop to work with the Manufacturing Engineer Team within our Operations team. In This Role You Will Be Responsible For Production Documentation: Implementation of engineering changes and making changes to production deliverables. Production Floor Planning: Support ...,"Confirm employer, Ontario location, May 2027+ start, 12/16 months and degree eligibility.",,https://ca.linkedin.com/jobs/view/winter-2027-co-op-mechanical-engineering-tech-manufacturing-support-at-lockheed-martin-4463973781,Unverified automated discovery. Query/source: mechanical engineering co-op Ontario 2027 12 16 months,,2026-09-29,2026-09-29,False,Newly found
Excluded,ca.linkedin.com,Cloud & DevOps Engineer Co-op (May 2027 | 12-16 months),Ontario searched; location unverified,,No distance cutoff; commute unverified,2027-05 (indexed title; unverified),12-16 months (indexed title),,,"5 days ago · This is a 12-16 month co-op position starting in May 2027 and can be on-site in our Toronto office, hybrid or entirely remote in Ontario. We're looking for a motivated co-op student to join Vena's SaaS Technology & Operations (STO) organization for a 12–16 month term.","Confirm employer, Ontario location, May 2027+ start, 12/16 months and degree eligibility.",,https://ca.linkedin.com/jobs/view/cloud-devops-engineer-co-op-may-2027-12-16-months-at-vena-solutions-4470456307,Unverified automated discovery. Query/source: materials engineering co-op Ontario 2027 12 16 months,,2026-09-23,2026-09-27,False,Changed
Excluded,ca.linkedin.com,"Intern, Mechanical Engineering - Winter 2027 at WSP in Canada ...",Ontario searched; location unverified,,No distance cutoff; commute unverified,2027-01 (indexed title; unverified),Unverified,,,"Apply for Intern, Mechanical Engineering - Winter 2027 at WSP in Canada in Vaughan, Ontario, Canada. Internship Internship role. See responsibilities, qualifications, and similar jobs on LinkedIn.","Confirm employer, Ontario location, May 2027+ start, 12/16 months and degree eligibility.",,https://ca.linkedin.com/jobs/view/intern-mechanical-engineering-winter-2027-at-wsp-in-canada-4458314013,"Unverified automated discovery. Query/source: ""WSP"" engineering co-op internship Ontario 2027",,2026-09-26,2026-09-26,False,Newly found
Excluded,ca.prosple.com,Engineering student - Mechanical Design - Winter 2027,Ontario searched; location unverified,,No distance cutoff; commute unverified,2027-01 (indexed title; unverified),Unverified,,,Apply online for Engineering student - Mechanical Design - Winter 2027 at MDA Space Canada & kick start your career with Prosple Canada.,"Confirm employer, Ontario location, May 2027+ start, 12/16 months and degree eligibility.",,https://ca.prosple.com/graduate-employers/mda-space-canada/jobs-internships/engineering-student-mechanical-design-winter-2027,"Unverified automated discovery. Query/source: ""MDA Space"" engineering co-op internship Ontario 2027",,2026-09-26,2026-09-26,False,Newly found
Excluded,ca.talent.com,Process Engineer - Student - Nanticoke - January 2027 ... - Talent.com,Ontario searched; location unverified,,No distance cutoff; commute unverified,2027-01 (indexed title; unverified),Unverified,,,University Engineering student available for a work term beginning in January or May 2027; Currently enrolled in a University Engineering program and ...,"Confirm employer, Ontario location, May 2027+ start, 12/16 months and degree eligibility.",,https://ca.talent.com/fr/view,"Unverified automated discovery. Query/source: chemical process intern Ontario ""May 2027""",,2026-09-30,2026-09-30,False,Newly found
Excluded,employmenthero.com,"Co-op Student, Electrical Engineering – Aviation – Winter 2027",Ontario searched; location unverified,,No distance cutoff; commute unverified,2027-01 (indexed title; unverified),Unverified,,,"This is an opportunity to develop practical engineering experience while supporting complex aviation projects involving airfield electrical systems, lighting, power distribution, communications, and airport infrastructure modernization.","Confirm employer, Ontario location, May 2027+ start, 12/16 months and degree eligibility.",,https://employmenthero.com/en-ca/jobs/position/careerbeacon-demo-co-op-student-electrical-engineering-aviation-winter-2027-olwbp/,"Unverified automated discovery. Query/source: ""WSP"" engineering co-op internship Ontario 2027",,2026-09-26,2026-09-26,False,Newly found
Excluded,en.wizbii.com,Factory Engineering Co-op Rexdale Ontario ( 8 Months),Ontario searched; location unverified,,No distance cutoff; commute unverified,Unverified,8 Months (indexed title),,,Forbes has listed Unilever as one of the “100 Best Companies to Work For” and Way up rated Unilever’s internship program in the top 20. One of our 400 brands is used daily by more than 2.5 billion people globally!,"Confirm employer, Ontario location, May 2027+ start, 12/16 months and degree eligibility.",,https://en.wizbii.com/company/unilever/job/factory-engineering-co-op-rexdale-ontario-8-months,"Unverified automated discovery. Query/source: ""Unilever"" engineering co-op internship Ontario 2027",,2026-09-26,2026-09-30,False,Changed
Excluded,energynews.pro,Winter 2027 - Co-Op - Engineering - Durham Region — Ontario ...,Ontario searched; location unverified,,No distance cutoff; commute unverified,2027-01 (indexed title; unverified),Unverified,,,4 days ago · This posting is for multiple co-op positions at Ontario Power Generation (OPG) starting in January 2027. Applicants will be reviewed and matched with OPG managers hiring students within their discipline.,"Confirm employer, Ontario location, May 2027+ start, 12/16 months and degree eligibility.",,https://energynews.pro/en/jobs/winter-2027-co-op-engineering-durham-region-ontario-power-generation-18288,Unverified automated discovery. Query/source: nuclear energy engineering co-op Ontario 2027 12 16 months,,2026-09-23,2026-09-27,False,Changed
Excluded,energynews.pro,Winter 2027 - Co-Op - Engineering - Timmins — Ontario Power ...,Ontario searched; location unverified,,No distance cutoff; commute unverified,2027-01 (indexed title; unverified),Unverified,,,This posting is for multiple co-op positions at Ontario Power Generation (OPG) starting in January 2027. Applicants will be reviewed and matched with OPG managers hiring students within their discipline.,"Confirm employer, Ontario location, May 2027+ start, 12/16 months and degree eligibility.",,https://energynews.pro/en/jobs/winter-2027-co-op-engineering-timmins-ontario-power-generation-17506,"Unverified automated discovery. Query/source: ""Litens"" engineering co-op internship Ontario 2027",,2026-09-26,2026-09-26,False,Newly found
Excluded,generalmotors.wd5.myworkdayjobs.com,2027 Winter Co-op Data Engineering Software Developer,Ontario searched; location unverified,,No distance cutoff; commute unverified,Unverified,Unverified,,,"Required Qualifications: Currently pursuing a Bachelor’s degree in Computer Engineering or Computer Science, Software Engineering, Electrical engineering, Data Science, Data Engineering or equivalent Eligible to work full time hours, 40 hours a week for a term of 8 or 12 months (consecutive semesters) starting January 2027 Proficiency in ...","Confirm employer, Ontario location, May 2027+ start, 12/16 months and degree eligibility.",,https://generalmotors.wd5.myworkdayjobs.com/en-US/Careers_GM/job/XMLNAME-2027-Winter-Co-op-Data-Engineering-Software-Developer_JR-202618353,"Unverified automated discovery. Query/source: site:myworkdayjobs.com engineering co-op Ontario ""2027"" ""months""",,2026-09-26,2026-09-30,False,Changed
Excluded,jobs.lever.co,FPGA Digital Design Engineering Intern (January 2027) (4-16 ...,Ontario searched; location unverified,,No distance cutoff; commute unverified,2027-01 (indexed title; unverified),Unverified,,,"Available for a full-time, 4–16 month internship beginning January 2027; We have a strong preference for candidates who can work from our Toronto office at least 2–3 days per week to support collaboration and team engagement.","Confirm employer, Ontario location, May 2027+ start, 12/16 months and degree eligibility.",,https://jobs.lever.co/kepler/f06ca5e6-2e7f-4b76-a5c4-cb423d3cfc03,"Unverified automated discovery. Query/source: site:jobs.lever.co engineering co-op Ontario ""2027"" ""months""",,2026-09-23,2026-09-27,False,Changed
Excluded,jobs.lever.co,Embedded Software Engineering Intern (January 2027) (4 months),Ontario searched; location unverified,,No distance cutoff; commute unverified,2027-01 (indexed title; unverified),4 months (indexed title),,,"We invest heavily to deliver the best products to our customers, and so we’re on the hunt for a top-tier Embedded Software Engineering Intern who will have the opportunity to work on a variety of tasks, including satellite on-board software, payload software, IoT modules and ground equipment.","Confirm employer, Ontario location, May 2027+ start, 12/16 months and degree eligibility.",,https://jobs.lever.co/kepler/2ad02ce3-1d56-4aee-9f1d-5199c780c0c1,"Unverified automated discovery. Query/source: site:jobs.lever.co engineering co-op Ontario ""2027"" ""months""",,2026-09-23,2026-09-27,False,Changed
Excluded,jobs.smartrecruiters.com,Co-op Winter 2027 – Systems Test Engineering - 4-8 Months,Ontario searched; location unverified,,No distance cutoff; commute unverified,2027-01 (indexed title; unverified),4-8 Months (indexed title),,,"Co-op Winter 2027 – Systems Test Engineering - 4-8 Months 1941 Robertson Road, Ottawa, Ontario, Canada Intern Employment Type: Fulltime-Temporary","Confirm employer, Ontario location, May 2027+ start, 12/16 months and degree eligibility.",,https://jobs.smartrecruiters.com/GDMSI/744000149344878-co-op-winter-2027-systems-test-engineering-4-8-months,"Unverified automated discovery. Query/source: site:jobs.smartrecruiters.com engineering co-op Ontario ""2027"" ""months""",,2026-09-23,2026-09-30,False,Changed
Excluded,jobs.smartrecruiters.com,Co-op Winter 2027 - Software Engineering - 4-8 months,Ontario searched; location unverified,,No distance cutoff; commute unverified,2027-01 (indexed title; unverified),4-8 months (indexed title),,,"Co-op Winter 2027 - Software Engineering - 4-8 months 1941 Robertson Road, Ottawa, Ontario, Canada Intern Employment Type: Fulltime-Temporary","Confirm employer, Ontario location, May 2027+ start, 12/16 months and degree eligibility.",,https://jobs.smartrecruiters.com/GDMSI/744000147511629-co-op-winter-2027-software-engineering-4-8-months,"Unverified automated discovery. Query/source: site:jobs.smartrecruiters.com engineering co-op Ontario ""2027"" ""months""",,2026-09-23,2026-09-30,False,Changed
Excluded,jobs.smartrecruiters.com,Co-op Winter 2027 - Software Engineering - 8 Months,Ontario searched; location unverified,,No distance cutoff; commute unverified,2027-01 (indexed title; unverified),8 Months (indexed title),,,"Co-op Winter 2027 - Software Engineering - 8 Months 1941 Robertson Road, Ottawa, Ontario, Canada Employees work in a hybrid mode","Confirm employer, Ontario location, May 2027+ start, 12/16 months and degree eligibility.",,https://jobs.smartrecruiters.com/GDMSI/744000147561809-co-op-winter-2027-software-engineering-8-months,"Unverified automated discovery. Query/source: site:jobs.smartrecruiters.com engineering co-op Ontario ""2027"" ""months""",,2026-09-23,2026-09-30,False,Changed
Excluded,jobs.smartrecruiters.com,"Co-op Winter 2027 - Systems Integration, Verification, and ...",Ontario searched; location unverified,,No distance cutoff; commute unverified,2027-01 (indexed title; unverified),Unverified,,,"Co-op Winter 2027 - Systems Integration, Verification, and Validation - 8-12 months 1941 Robertson Road, Ottawa, Ontario, Canada Employees work in a hybrid mode","Confirm employer, Ontario location, May 2027+ start, 12/16 months and degree eligibility.",,https://jobs.smartrecruiters.com/GDMSI/744000149100009-co-op-winter-2027-systems-integration-verification-and-validation-8-12-months,"Unverified automated discovery. Query/source: site:jobs.smartrecruiters.com engineering co-op Ontario ""2027"" ""months""",,2026-09-23,2026-09-30,False,Changed
Excluded,jobs.smartrecruiters.com,Co-op Winter 2027 – Systems Engineering – 4-8-Months,Ontario searched; location unverified,,No distance cutoff; commute unverified,2027-01 (indexed title; unverified),Unverified,,,"Co-op Winter 2027 – Systems Engineering – 4-8-Months 1941 Robertson Rd, Nepean, ON K2H 5B7, Canada Employees work in a hybrid mode Minimum 3 days on-site","Confirm employer, Ontario location, May 2027+ start, 12/16 months and degree eligibility.",,https://jobs.smartrecruiters.com/GDMSI/744000149042859-co-op-winter-2027-systems-engineering-4-8-months,"Unverified automated discovery. Query/source: site:jobs.smartrecruiters.com engineering co-op Ontario ""2027"" ""months""",,2026-09-30,2026-09-30,False,Newly found
Excluded,jobs.smartrecruiters.com,Co-op Winter 2027 - System of Systems Engineering - 8-16 ...,Ontario searched; location unverified,,No distance cutoff; commute unverified,2027-01 (indexed title; unverified),Unverified,,,"Co-op Winter 2027 - System of Systems Engineering - 8-16 Months 1941 Robertson Road, Ottawa, Ontario, Canada","Confirm employer, Ontario location, May 2027+ start, 12/16 months and degree eligibility.",,https://jobs.smartrecruiters.com/oneclick-ui/company/GDMSI/publication/89dcac7f-9fd5-4a8d-b813-d316f4a6565e?dcr_ci=GDMSI,"Unverified automated discovery. Query/source: site:jobs.smartrecruiters.com engineering co-op Ontario ""2027"" ""months""",,2026-09-30,2026-09-30,False,Newly found
Excluded,portal.allscmjobs.com,PepsiCo Canada: Supply Chain Winter 2027 Co-op at PepsiCo ...,Ontario searched; location unverified,,No distance cutoff; commute unverified,2027-01 (indexed title; unverified),Unverified,,,"At PepsiCo Canada we’re always on the lookout for great talent – and that search often brings us to campuses like yours! So, why choose the PepsiCo Supply Chain Engineering Co-op Program?","Confirm employer, Ontario location, May 2027+ start, 12/16 months and degree eligibility.",,https://portal.allscmjobs.com/jobs/pepsico-canada-supply-chain-winter-2027-co-op-fd9ccf47,"Unverified automated discovery. Query/source: ""PepsiCo"" engineering co-op internship Ontario 2027",,2026-09-26,2026-09-26,False,Newly found
Excluded,prosple.com,Co-op - Software Engineer (Remote) (ASAP) at Raytheon ...,Ontario searched; location unverified,,No distance cutoff; commute unverified,Unverified,Unverified,,,"Jun 18, 2026 · Apply online for Co-op - Software Engineer (Remote) at Raytheon Technologies & kick start your career with Prosple.","Confirm employer, Ontario location, May 2027+ start, 12/16 months and degree eligibility.",,https://prosple.com/graduate-employers/raytheon-technologies/jobs-internships/co-op-software-engineer-remote,"Unverified automated discovery. Query/source: site:prosple.com engineering co-op Ontario ""2027"" ""months""",,2026-09-30,2026-09-30,False,Newly found
Excluded,www.adzuna.ca,Cloud & DevOps Engineer Co-op (May 2027 | 12-16 months),Ontario searched; location unverified,,No distance cutoff; commute unverified,2027-05 (indexed title; unverified),12-16 months (indexed title),,,"This is a 12-16 month co-op position starting in May 2027 and can be on-site in our Toronto office, hybrid or entirely remote in Ontario.","Confirm employer, Ontario location, May 2027+ start, 12/16 months and degree eligibility.",,https://www.adzuna.ca/details/5896547826,Unverified automated discovery. Query/source: quality reliability engineering co-op Ontario 2027 12 16 months,,2026-09-30,2026-09-30,False,Newly found
Excluded,www.careerbeacon.com,"Co-op Student, Electrical Engineering - Aviation - Winter 2027",Ontario searched; location unverified,,No distance cutoff; commute unverified,2027-01 (indexed title; unverified),Unverified,,,"WSP is hiring a Co-op Student, Electrical Engineering - Aviation - Winter 2027. Learn about this opportunity and apply!","Confirm employer, Ontario location, May 2027+ start, 12/16 months and degree eligibility.",,https://www.careerbeacon.com/en/job-33/3716463/wsp/co-op-student-electrical-engineering-aviation-winter-2027/toronto-on,"Unverified automated discovery. Query/source: ""WSP"" engineering co-op internship Ontario 2027",,2026-09-26,2026-09-26,False,Newly found
Excluded,www.linkedin.com,Winter 2027 Co-op - Electrical Engineer - IBNS Team,Ontario searched; location unverified,,No distance cutoff; commute unverified,2027-01 (indexed title; unverified),Unverified,,,"Winter 2027 Co-op - Electrical Engineer - IBNS Team Lockheed Martin Ottawa, Ontario, Canada 1 week ago 91 applicants See who Lockheed Martin has hired for this role","Confirm employer, Ontario location, May 2027+ start, 12/16 months and degree eligibility.",,https://www.linkedin.com/jobs/view/winter-2027-co-op-electrical-engineer-ibns-team-at-lockheed-martin-4463469388,Unverified automated discovery. Query/source: electrical engineering co-op Ontario 2027 12 16 months,,2026-09-24,2026-09-24,False,Newly found
Excluded,www.pgcareers.com,"Engineering Internship, Summer 2027 in BOSTON, Massachusetts ...",Ontario searched; location unverified,,No distance cutoff; commute unverified,Unverified,Unverified,,,"Apply for Engineering Internship, Summer 2027 job with Procter & Gamble in BOSTON, Massachusetts, United States of America. Engineering at Procter & Gamble","Confirm employer, Ontario location, May 2027+ start, 12/16 months and degree eligibility.",,https://www.pgcareers.com/us/en/job/R000157841/Engineering-Internship-Summer-2027,Unverified automated discovery. Query/source: site:www.pgcareers.com engineering student intern co-op 2027,,2026-09-23,2026-09-30,False,Unchanged
Excluded,www.workopolis.com,Corporate Reliability Engineering Co-op Student - Winter 2027 ...,Ontario searched; location unverified,,No distance cutoff; commute unverified,2027-01 (indexed title; unverified),Unverified,,,"Corporate Reliability Engineering Co-op Student - Winter 2027 (12-month term) Irving Consumer Products Toronto, ON Apply Now","Confirm employer, Ontario location, May 2027+ start, 12/16 months and degree eligibility.",,https://www.workopolis.com/jobsearch/viewjob/Ti7_iipXbKXubgUfX97Hpr3zEp9cc1BnSUQjWVzpwDUhka1DSzlzUZJvQ9Os1nO3,Unverified automated discovery. Query/source: quality reliability engineering co-op Ontario 2027 12 16 months,,2026-09-23,2026-09-30,False,Changed
Excluded,www.workopolis.com,Factory Engineering Co-op (Rexdale) 8 Months - Unilever ...,Ontario searched; location unverified,,No distance cutoff; commute unverified,Unverified,8 Months (indexed title),,,"This is a 4 or 8-month internship and is based out of our Dressing’s factory in Rexdale, Ontario (195 Belfield Rd, Etobicoke, ON, M9W 1G8). A better business. A better world. A better you. At Unilever you are more than your job title, you are part of the world’s most successful, purpose-led business.","Confirm employer, Ontario location, May 2027+ start, 12/16 months and degree eligibility.",,https://www.workopolis.com/jobsearch/viewjob/OtUj6qtzEmChOQAzBUT0yej0It2P3mAtwp92kwyEsN4MUmEp99XwoKXGjaXUdm8P,"Unverified automated discovery. Query/source: ""Unilever"" engineering co-op internship Ontario 2027",,2026-09-26,2026-09-30,False,Changed
